team,number,position,name,birth_date,shirt_name,club,height,weight,league,age,Caps,birthMonth
Egypt,12,DF,AYMAN ASHRAF,4/9/1991,A. ASHRAF,Al Ahly SC,176,73,EGY,27,4,4
Brazil,1,GK,ALISSON,10/2/1992,A. BECKER,AS Roma,193,91,ITA,25,25,10
Iran,1,GK,BEIRANVAND Ali,9/21/1992,A. BEIRANVAND,Persepolis FC,194,85,IRN,25,21,9
Egypt,7,DF,AHMED FATHI,11/10/1984,A. FATHI,Al Ahly SC,176,76,EGY,33,125,11
Mexico,18,MF,GUARDADO Andres,9/28/1986,A. GUARDADO,Real Betis,167,63,ESP,31,144,9
Iceland,4,MF,GUDMUNDSSON Albert,6/15/1997,A. GUDMUNDSSON,PSV Eindhoven,177,80,NED,20,5,6
Egypt,6,DF,AHMED HEGAZY,1/25/1991,A. HEGAZY,West Bromwich Albion FC,194,95,ENG,27,44,1
Spain,6,MF,INIESTA Andres,5/11/1984,A. INIESTA,FC Barcelona,171,68,ESP,34,126,5
Iran,18,FW,JAHANBAKHSH Alireza,8/11/1993,A. JAHANBAKHSH,AZ Alkmaar,180,77,NED,24,37,8
Senegal,13,MF,NDIAYE Alfred,3/6/1990,A. NDIAYE,Wolverhampton Wanderers FC,186,80,ENG,28,19,3
Iceland,23,DF,SKULASON Ari,5/14/1987,A. SKÃšLASON,KSC Lokeren,170,63,BEL,31,55,5
Mexico,12,GK,TALAVERA Alfredo,9/18/1982,A. TALAVERA,Deportivo Toluca FC,188,84,MEX,35,27,9
Croatia,15,DF,CALETA-CAR Duje,9/17/1996,Ä†ALETA-CAR,FC Red Bull Salzburg,192,89,AUT,21,1,9
Croatia,5,DF,CORLUKA Vedran,2/5/1986,Ä†ORLUKA,FC Lokomotiv Moscow,192,84,RUS,32,98,2
Serbia,7,MF,ZIVKOVIC Andrija,7/11/1996,Å½IVKOVIÄ†,SL Benfica,169,68,POR,21,10,4
Egypt,19,MF,ABDALLA SAID,7/13/1985,ABDALLA,Kuopion PS,176,75,FIN,32,35,10
Egypt,13,DF,MOHAMED ABDELSHAFY,7/1/1985,ABDELSHAFY,Al Fateh FC,171,72,KSA,32,50,7
Saudi Arabia,1,GK,ABDULLAH ALMUAIOUF,1/23/1987,ABDULLAH,Al Hilal SFC,178,98,KSA,31,10,7
Saudi Arabia,11,MF,ABDULMALEK ALKHAIBRI,3/13/1986,ABDULMALEK,Al Hilal SFC,177,73,KSA,32,36,7
Iran,22,GK,ABEDZADEH Amir,4/26/1993,ABEDZADEH,CS Maritimo,186,80,POR,25,1,1
Argentina,8,DF,ACUNA Marcos,10/28/1991,ACUÃ‘A,Sporting CP,172,77,POR,26,10,3
Portugal,23,MF,ADRIEN SILVA,3/15/1989,ADRIEN,Leicester City FC,176,72,ENG,29,22,4
Peru,17,DF,ADVINCULA Luis,3/2/1990,ADVINCULA,Lobos BUAP,178,80,MEX,28,64,10
Germany,10,MF,OEZIL Mesut,10/15/1988,Ã–ZIL,Arsenal FC,180,70,ENG,29,90,3
Iceland,16,MF,SKULASON Olafur,4/1/1983,Ã“. SKÃšLASON,Karabukspor,184,79,TUR,35,35,3
Argentina,19,FW,AGUERO Sergio,6/2/1988,AGÃœERO,Manchester City FC,172,74,ENG,30,85,6
Colombia,8,MF,AGUILAR Abel,1/6/1985,AGUILAR T.,AC Deportivo Cali,185,82,COL,33,70,1
Morocco,15,MF,AIT BENNASSER Youssef,7/7/1996,AIT BENNASSER,SM Caen,184,75,FRA,21,13,7
Switzerland,5,DF,AKANJI Manuel,7/19/1995,AKANJI,Borussia Dortmund,186,85,GER,22,6,7
Russia,1,GK,AKINFEEV Igor,4/8/1986,AKINFEEV,CSKA Moscow,185,83,RUS,32,105,4
Nigeria,16,GK,AKPEYI Daniel,3/8/1986,AKPEYI,Chippa United FC,187,94,RSA,32,7,3
Saudi Arabia,6,DF,MOHAMMED ALBURAYK,9/15/1992,ALBURAYK,Al Hilal SFC,173,61,KSA,25,10,9
Belgium,2,DF,ALDERWEIRELD Toby,3/2/1989,ALDERWEIRELD,Tottenham Hotspur FC,186,81,ENG,29,72,3
England,22,DF,ALEXANDER-ARNOLD Trent,10/7/1998,ALEXANDER-ARNOLD,Liverpool FC,175,70,ENG,19,0,10
Saudi Arabia,4,DF,ALI ALBULAYHI,11/21/1989,ALI,Al Hilal SFC,182,83,KSA,28,3,11
Egypt,2,DF,ALI GABR,1/1/1989,ALI GABR,West Bromwich Albion FC,191,88,ENG,29,20,1
Saudi Arabia,15,MF,ABDULLAH ALKHAIBARI,8/16/1996,ALKHAIBARI,Al Shabab FC,175,66,KSA,21,4,8
Saudi Arabia,21,GK,YASSER ALMOSAILEM,2/27/1984,ALMOSAILEM,Al Ahli SC,186,88,KSA,34,32,2
Saudi Arabia,22,GK,MOHAMMED ALOWAIS,10/10/1991,ALOWAIS,Al Ahli SC,187,79,KSA,26,6,10
Saudi Arabia,10,FW,MOHAMMED ALSAHLAWI,1/10/1987,ALSAHLAWI,Al Nassr FC,179,75,KSA,31,39,1
Portugal,9,FW,ANDRE SILVA,11/6/1995,ANDRÃ‰ SILVA,AC Milan,184,78,ITA,22,22,11
Argentina,4,DF,ANSALDI Cristian,9/20/1986,ANSALDI,Torino FC,181,73,ITA,31,5,9
Peru,23,MF,AQUINO Pedro,4/13/1995,AQUINO,Lobos BUAP,174,71,MEX,23,12,4
Peru,5,DF,ARAUJO Miguel,10/24/1994,ARAUJO,Alianza Lima,178,77,PER,23,7,10
France,23,GK,AREOLA Alphonse,2/27/1993,AREOLA,Paris Saint-Germain FC,195,95,FRA,25,0,2
Colombia,4,DF,ARIAS Santiago,1/13/1992,ARIAS,PSV Eindhoven,177,71,NED,26,41,1
Argentina,12,GK,ARMANI Franco,10/16/1986,ARMANI,CA River Plate,189,85,ARG,31,0,10
Iceland,14,DF,ARNASON Kari,10/13/1982,ARNASON,Aberdeen FC,191,82,SCO,35,66,10
Spain,13,GK,ARRIZABALAGA Kepa,10/3/1994,ARRIZABALAGA,Athletic Bilbao,189,84,ESP,23,1,10
Panama,16,FW,ARROYO Abdiel,12/13/1993,ARROYO,LD Alajuelense,183,82,CRC,24,33,12
Australia,17,FW,ARZANI Daniel,1/4/1999,ARZANI,Melbourne City FC,171,73,AUS,19,1,1
Spain,20,MF,ASENSIO Marco,1/21/1996,ASENSIO,Real Madrid CF,182,76,ESP,22,11,1
Sweden,6,DF,AUGUSTINSSON Ludwig,4/21/1994,AUGUSTINSSON,SV Werder Bremen,181,76,GER,24,14,4
Nigeria,20,DF,AWAZIEM Chidozie,1/1/1997,AWAZIEM,FC Nantes,192,76,FRA,21,4,1
Spain,14,DF,AZPILICUETA Cesar,8/28/1989,AZPILICUETA,Chelsea FC,178,78,ENG,28,22,8
South Korea,4,DF,OH Bansuk,5/20/1988,B S OH,Jeju United,189,79,KOR,30,2,5
Portugal,2,DF,BRUNO ALVES,11/27/1981,B. ALVES,Rangers FC,187,83,SCO,36,95,11
Iceland,8,MF,BJARNASON Birkir,5/27/1988,B. BJARNASON,Aston Villa FC,183,77,ENG,30,66,5
Portugal,16,MF,BRUNO FERNANDES,9/8/1994,B. FERNANDES,Sporting CP,183,64,POR,23,5,9
Costa Rica,8,DF,OVIEDO Bryan,2/18/1990,B. OVIEDO,Sunderland AFC,172,70,ENG,28,42,2
Colombia,7,FW,BACCA Carlos,9/8/1986,BACCA,Villarreal CF,181,77,ESP,31,45,5
Croatia,19,MF,BADELJ Milan,2/25/1989,BADELJ,ACF Fiorentina,186,76,ITA,29,37,11
Tunisia,9,MF,BADRI Anice,9/18/1990,BADRI,ES Tunis,178,70,TUN,27,6,9
Switzerland,21,GK,BUERKI Roman,11/14/1990,BÃœRKI,Borussia Dortmund,188,83,GER,27,8,2
Iceland,22,FW,BODVARSSON Jon,5/25/1992,BÃ–DVARSSON,Reading FC,189,89,ENG,26,37,9
Nigeria,6,DF,BALOGUN Leon,6/28/1988,BALOGUN,FSV Mainz 05,190,89,GER,29,18,6
Panama,23,DF,BALOY Felipe,2/24/1981,BALOY,CSD Municipal,185,87,GUA,37,102,2
Argentina,7,MF,BANEGA Ever,6/29/1988,BANEGA,Sevilla FC,175,73,ESP,29,62,6
Panama,8,MF,BARCENAS Edgar,10/23/1993,BARCENAS,Cafetaleros de Tapachula,175,72,MEX,24,28,10
Colombia,5,MF,BARRIOS  Wilmar,10/16/1993,BARRIOS,CA Boca Juniors,178,74,ARG,24,10,10
Belgium,21,FW,BATSHUAYI Michy,10/2/1993,BATSHUAYI,Borussia Dortmund,185,78,GER,24,13,10
Poland,5,DF,BEDNAREK Jan,4/12/1996,BEDNAREK,Southampton FC,189,77,ENG,22,1,4
Tunisia,6,DF,BEDOUI Rami,1/19/1990,BEDOUI,Ã‰toile du Sahel,187,77,TUN,28,8,1
Australia,16,DF,BEHICH Aziz,12/16/1990,BEHICH,Bursaspor,170,63,TUR,27,22,12
Switzerland,11,MF,BEHRAMI Valon,4/19/1985,BEHRAMI,Udinese Calcio,184,78,ITA,33,78,4
Morocco,10,MF,BELHANDA Younes,2/25/1990,BELHANDA,Galatasaray SK,174,75,TUR,28,46,2
Tunisia,3,DF,BEN ALOUANE Yohan,3/28/1987,BEN ALOUANE,Leicester City FC,185,75,ENG,31,3,3
Tunisia,14,MF,BEN AMOR Mohamed,5/3/1992,BEN AMOR,Al Ahli SC,180,75,KSA,26,25,5
Tunisia,1,GK,BEN MUSTAPHA Farouk,7/1/1989,BEN MUSTAPHA,Al Shabab FC,192,85,KSA,28,15,7
Tunisia,8,FW,BEN YOUSSEF Fakhreddine,6/23/1991,BEN YOUSSEF .F,Al Ittifaq FC,189,80,KSA,26,38,6
Tunisia,2,DF,BEN YOUSSEF Syam,3/31/1989,BEN YOUSSEF .S,Kasimpasa SK,189,87,TUR,29,41,3
Morocco,5,DF,BENATIA Mehdi,4/17/1987,BENATIA,Juventus FC,188,88,ITA,31,56,4
Poland,18,DF,BERESZYNSKI Bartosz,7/12/1992,BERESZYNSKI,UC Sampdoria,182,72,ITA,25,6,7
Sweden,9,FW,BERG Marcus,8/17/1986,BERG,Al Ain FC,183,76,UAE,31,56,8
Portugal,11,MF,BERNARDO SILVA,8/10/1994,BERNARDO,Manchester City FC,173,65,ENG,23,24,8
Portugal,22,GK,BETO,5/1/1982,BETO,Goztepe SK,183,79,TUR,36,14,5
Poland,12,GK,BIALKOWSKI Bartosz,7/6/1987,BIALKOWSKI,Ipswich Town FC,194,83,ENG,30,1,7
Argentina,5,MF,BIGLIA Lucas,1/30/1986,BIGLIA,AC Milan,175,73,ITA,32,57,1
Poland,16,MF,BLASZCZYKOWSKI Jakub,12/14/1985,BLASZCZYKOWSKI,VfL Wolfsburg,175,71,GER,32,97,12
Germany,17,DF,BOATENG Jerome,9/3/1988,BOATENG,FC Bayern MÃ¼nchen,192,90,GER,29,70,9
Morocco,20,FW,BOUHADDOUZ Aziz,3/30/1987,BOUHADDOUZ,FC St. Pauli,188,80,GER,31,14,3
Morocco,1,GK,BOUNOU Yassine,4/5/1991,BOUNOU,Girona FC,190,77,ESP,27,11,4
Morocco,14,MF,BOUSSOUFA Mbark,8/15/1984,BOUSSOUFA,Al Jazira,167,59,UAE,33,58,8
Morocco,13,FW,BOUTAIB Khalid,4/24/1987,BOUTAIB,Yeni Malatyaspor,190,80,TUR,31,17,4
Belgium,20,DF,BOYATA Dedryck,11/28/1990,BOYATA,Celtic FC,188,84,SCO,27,5,11
Croatia,14,MF,BRADARIC Filip,1/11/1992,BRADARIÄ†,HNK Rijeka,186,78,CRO,26,4,1
Denmark,11,FW,BRAITHWAITE Martin,6/5/1991,BRAITHWAITE,FC Girondins Bordeaux,180,73,FRA,27,19,6
Germany,20,MF,BRANDT Julian,5/2/1996,BRANDT,Bayer 04 Leverkusen,183,82,GER,22,15,5
Tunisia,11,DF,BRONN Dylan,6/19/1995,BRONN,KAA Gent,186,75,BEL,22,4,6
Croatia,11,MF,BROZOVIC Marcelo,11/16/1992,BROZOVIÄ†,FC Internazionale,181,68,ITA,25,34,11
Costa Rica,10,MF,RUIZ Bryan,8/18/1985,BRYAN,Sporting CP,187,73,POR,32,109,8
England,13,GK,BUTLAND Jack,3/10/1993,BUTLAND,Stoke City FC,196,96,ENG,25,7,3
South Korea,14,DF,HONG Chul,9/17/1990,C HONG,Sangju Sangmu FC,176,67,KOR,27,14,9
Costa Rica,7,MF,BOLANOS Christian,5/17/1984,C. BOLAÃ‘OS,Deportivo Saprissa,178,67,CRC,34,79,5
Costa Rica,5,MF,BORGES Celso,5/27/1988,C. BORGES,Deportivo La CoruÃ±a,187,79,ESP,30,111,5
Costa Rica,16,DF,GAMBOA Cristian,10/24/1989,C. GAMBOA,Celtic FC,175,67,SCO,28,66,10
Senegal,8,MF,KOUYATE Cheikhou,12/21/1989,C. KOUYATE,West Ham United FC,189,75,ENG,28,47,12
Uruguay,7,MF,RODRIGUEZ Cristian,9/30/1985,C. RODRIGUEZ,CA Penarol,178,79,URU,32,104,9
Mexico,3,DF,SALCEDO Carlos,9/29/1993,C. SALCEDO,Eintracht Frankfurt,189,83,GER,24,20,9
Uruguay,5,MF,SANCHEZ Carlos,12/2/1984,C. SANCHEZ,CF Monterrey,171,74,MEX,33,35,2
Colombia,6,MF,SANCHEZ Carlos,2/6/1986,C. SANCHEZ,RCD Espanyol,182,82,ESP,32,85,12
Uruguay,11,FW,STUANI Cristhian,10/12/1986,C. STUANI,Girona FC,186,78,ESP,31,40,10
Colombia,12,GK,VARGAS Camilo,3/9/1989,C. VARGAS,AC Deportivo Cali,185,80,COL,29,5,3
Colombia,2,DF,ZAPATA Cristian,9/30/1986,C. ZAPATA,AC Milan,187,82,ITA,31,55,9
Argentina,23,GK,CABALLERO Wilfredo,9/28/1981,CABALLERO,Chelsea FC,186,80,ENG,36,3,8
Peru,12,GK,CACEDA Carlos,9/27/1991,CACEDA,Deportivo Municipal,184,78,PER,26,4,9
Portugal,21,DF,CEDRIC,8/31/1991,CÃ‰DRIC,Southampton FC,172,67,ENG,26,28,9
Australia,4,FW,CAHILL Tim,12/6/1979,CAHILL,Millwall FC,180,76,ENG,38,105,12
England,15,DF,CAHILL Gary,12/19/1985,CAHILL,Chelsea FC,191,85,ENG,32,59,12
Panama,12,GK,CALDERON Jose,8/14/1985,CALDERON,Chorrillo FC,187,87,PAN,32,31,8
Morocco,23,MF,CARCELA Mehdi,7/1/1989,CARCELA,Standard LiÃ¨ge,176,67,BEL,28,20,7
Mexico,11,FW,VELA Carlos,3/1/1989,CARLOS V,Los Angeles FC,178,78,USA,29,68,3
Belgium,11,MF,CARRASCO Yannick,9/4/1993,CARRASCO,Dalian Yifang FC,180,67,CHN,24,23,9
Peru,18,FW,CARRILLO Andre,6/14/1991,CARRILLO,Watford FC,182,77,ENG,27,44,6
Peru,16,MF,CARTAGENA Wilder,9/23/1994,CARTAGENA,CD Tiburones Rojos de Veracruz,179,76,MEX,23,3,9
Spain,2,DF,CARVAJAL Dani,1/11/1992,CARVAJAL,Real Madrid CF,173,73,ESP,26,15,1
Peru,21,GK,CARVALLO Jose,3/1/1986,CARVALLO,Universidad TÃ©cnica de Cajamarca,182,84,PER,32,6,3
Brazil,5,MF,CASEMIRO,2/23/1992,CASEMIRO,Real Madrid CF,185,84,ESP,26,23,2
Brazil,16,GK,CASSIO,6/6/1987,CASSIO,SC Corinthians,195,92,BRA,31,1,6
Belgium,13,GK,CASTEELS Koen,6/25/1992,CASTEELS,VfL Wolfsburg,197,86,GER,25,0,6
Senegal,11,MF,NDOYE Cheikh,3/29/1986,CH. NDOYE,Birmingham City FC,192,90,ENG,32,24,3
Tunisia,20,FW,CHAALELI Ghaylen,2/28/1994,CHAALELI,ES Tunis,179,70,TUN,24,6,2
Belgium,22,MF,CHADLI Nacer,8/2/1989,CHADLI,West Bromwich Albion FC,187,85,ENG,28,41,8
Russia,6,MF,CHERYSHEV Denis,12/26/1990,CHERYSHEV,Villarreal CF,173,68,ESP,27,11,12
Denmark,6,DF,CHRISTENSEN Andreas,4/10/1996,CHRISTENSEN,Chelsea FC,192,85,ENG,22,15,4
Poland,4,DF,CIONEK Thiago,4/21/1986,CIONEK,SPAL Ferrara,184,81,ITA,32,17,4
Senegal,2,DF,CISS Saliou,6/15/1989,CISS,Valenciennes FC,173,69,FRA,28,18,6
Sweden,17,MF,CLAESSON Viktor,1/2/1992,CLAESSON,FC Krasnodar,183,79,RUS,26,21,1
Panama,11,MF,COOPER Armando,11/26/1987,COOPER,Club Universidad de Chile,173,72,CHI,30,97,11
Denmark,21,FW,CORNELIUS Andreas,3/16/1993,CORNELIUS,Atalanta Bergamo,195,91,ITA,25,18,3
Peru,3,DF,CORZO Aldo,5/20/1989,CORZO,Universitario Lima,172,75,PER,29,25,5
Belgium,1,GK,COURTOIS Thibaut,5/11/1992,COURTOIS,Chelsea FC,199,91,ENG,26,56,5
Colombia,11,MF,CUADRADO Juan,5/26/1988,CUADRADO,Juventus FC,179,72,ITA,30,70,5
Peru,8,MF,CUEVA Christian,11/23/1991,CUEVA,Sao Paulo FC,169,69,BRA,26,43,11
Panama,3,DF,CUMMINGS Harold,3/1/1992,CUMMINGS,San Jose Earthquakes,183,92,USA,26,51,3
Costa Rica,9,MF,COLINDRES Daniel,1/10/1985,D. COLINDRES,Deportivo Saprissa,180,75,CRC,33,11,1
Brazil,7,FW,DOUGLAS COSTA,9/14/1990,D. COSTA,Juventus FC,182,70,ITA,27,24,9
Uruguay,3,DF,GODIN Diego,2/16/1986,D. GODIN,Atletico Madrid,185,73,ESP,32,115,2
Costa Rica,20,MF,GUZMAN David,2/18/1990,D. GUZMAN,Portland Timbers,176,78,USA,28,41,2
Uruguay,17,MF,LAXALT Diego,2/7/1993,D. LAXALT,Genoa CFC,178,66,ITA,25,5,2
Mexico,5,DF,REYES Diego,9/19/1992,D. REYES,FC Porto,190,77,POR,25,55,9
Colombia,23,DF,SANCHEZ Davinson,6/12/1996,D. SANCHEZ,Tottenham Hotspur FC,187,81,ENG,22,9,6
Morocco,4,DF,DA COSTA Manuel,5/6/1986,DA COSTA,Istanbul BaÅŸakÅŸehir FK,187,78,TUR,32,27,5
Denmark,14,DF,DALSGAARD Henrik,7/27/1989,DALSGAARD,Brentford FC,190,81,ENG,28,10,7
Brazil,14,DF,DANILO,7/15/1991,DANILO,Manchester City FC,184,78,ENG,26,17,7
Panama,15,DF,DAVIS Eric,3/31/1991,DAVIS,DAC Dunajska Streda,180,81,SVK,27,37,3
Belgium,7,MF,DE BRUYNE Kevin,6/28/1991,DE BRUYNE,Manchester City FC,181,70,ENG,26,57,6
Spain,1,GK,DE GEA David,11/7/1990,DE GEA,Manchester United FC,190,71,ENG,27,28,11
Australia,2,DF,DEGENEK Milos,4/28/1994,DEGENEK,Yokohama F-Marinos,187,85,JPN,24,18,4
Iran,21,FW,DEJAGAH Ashkan,7/5/1986,DEJAGAH,Nottingham Forest FC,181,78,ENG,31,45,7
Denmark,8,MF,DELANEY Thomas,9/3/1991,DELANEY,SV Werder Bremen,180,78,GER,26,26,9
England,20,MF,ALLI Dele,4/11/1996,DELE,Tottenham Hotspur FC,188,76,ENG,22,24,4
England,17,DF,DELPH Fabian,11/21/1989,DELPH,Manchester City FC,174,78,ENG,28,10,11
France,11,FW,DEMBELE Ousmane,5/15/1997,DEMBELE,FC Barcelona,178,70,ESP,21,11,7
Belgium,19,MF,DEMBELE Moussa,7/16/1987,DEMBELE,Tottenham Hotspur FC,185,82,ENG,30,74,5
Belgium,23,DF,DENDONCKER Leander,4/15/1995,DENDONCKER,RSC Anderlecht,188,76,BEL,23,4,4
Argentina,11,MF,DI MARIA Angel,2/14/1988,DI MARÃA,Paris Saint-Germain FC,178,75,FRA,30,94,2
Senegal,1,GK,DIALLO Abdoulaye,3/30/1992,DIALLO,Stade Rennais FC,189,79,FRA,26,16,3
Panama,10,FW,DIAZ Ismael,5/12/1997,DIAZ,Deportivo La CoruÃ±a,181,72,ESP,21,10,5
Spain,19,FW,COSTA Diego,10/7/1988,DIEGO COSTA,Atletico Madrid,185,86,ESP,29,19,10
England,4,MF,DIER Eric,1/15/1994,DIER,Tottenham Hotspur FC,188,90,ENG,24,26,1
Morocco,17,DF,DIRAR Nabil,2/25/1986,DIRAR,Fenerbahce SK,187,82,TUR,32,34,2
Switzerland,20,DF,DJOUROU Johan,1/18/1987,DJOUROU,Antalyaspor AS,192,90,TUR,31,74,1
Serbia,23,GK,DMITROVIC Marko,1/24/1992,DMITROVIÄ†,SD Eibar,194,90,ESP,26,2,1
Denmark,12,FW,DOLBERG Kasper,10/6/1997,DOLBERG,AFC Ajax,187,85,NED,20,5,10
Germany,7,MF,DRAXLER Julian,9/20/1993,DRAXLER,Paris Saint-Germain FC,185,74,FRA,24,43,9
Switzerland,19,FW,DRMIC Josip,8/8/1992,DRMIC,VfL Borussia MÃ¶nchengladbach,184,78,GER,25,28,8
Sweden,21,MF,DURMAZ Jimmy,3/22/1989,DURMAZ,Toulouse FC,180,69,FRA,29,45,3
Argentina,21,FW,DYBALA Paulo,11/15/1993,DYBALA,Juventus FC,177,73,ITA,24,12,11
Russia,9,MF,DZAGOEV Alan,6/17/1990,DZAGOEV,CSKA Moscow,178,73,RUS,27,56,6
Switzerland,15,MF,DZEMAILI Blerim,4/12/1986,DZEMAILI,Bologna FC,180,77,ITA,32,64,4
Russia,22,FW,DZYUBA Artem,8/22/1988,DZYUBA,FC Arsenal Tula,196,90,RUS,29,23,8
Mexico,21,DF,ALVAREZ Edson,10/24/1997,E. ÃLVAREZ,Club AmÃ©rica,186,72,MEX,20,12,10
Uruguay,21,FW,CAVANI Edinson,2/14/1987,E. CAVANI,Paris Saint-Germain FC,188,78,FRA,31,100,2
Belgium,10,FW,HAZARD Eden,1/7/1991,E. HAZARD,Chelsea FC,173,74,ENG,27,82,1
Nigeria,21,DF,EBUEHI Tyronne,12/16/1995,EBUEHI,ADO Den Haag,187,74,NED,22,6,12
Nigeria,3,DF,ECHIEJILE Elderson,1/20/1988,ECHIEJILE,Cercle Brugge,185,82,BEL,30,61,1
Brazil,23,GK,EDERSON,8/17/1993,EDERSON,Manchester City FC,188,86,ENG,24,1,8
Sweden,8,MF,EKDAL Albin,7/28/1989,EKDAL,Hamburger SV,186,75,GER,28,33,7
Nigeria,5,DF,EKONG William,9/1/1993,EKONG,Bursaspor,191,85,TUR,24,21,9
Egypt,16,GK,SHERIF EKRAMY,7/10/1983,EKRAMY,Al Ahly SC,193,93,EGY,34,22,7
Morocco,8,MF,EL AHMADI Karim,1/27/1985,EL AHMADI,Feyenoord Rotterdam,179,78,NED,33,50,1
Morocco,9,FW,EL KAABI Ayoub,6/25/1993,EL KAABI,RS Berkane,182,72,MAR,24,9,6
Morocco,12,GK,EL KAJOUI Monir,5/10/1989,EL KAJOUI,CD Numancia,190,88,ESP,29,26,5
Egypt,1,GK,ESSAM EL HADARY,1/15/1973,ELHADARY,Al Taawoun FC,190,90,KSA,45,157,1
Egypt,3,DF,AHMED ELMOHAMADY,9/9/1987,ELMOHAMADY,Aston Villa FC,183,76,ENG,30,77,9
Switzerland,4,DF,ELVEDI Nico,9/30/1996,ELVEDI,VfL Borussia MÃ¶nchengladbach,187,77,GER,21,5,9
Switzerland,7,FW,EMBOLO Breel,2/14/1997,EMBOLO,FC Schalke 04,184,86,GER,21,24,2
Japan,6,DF,ENDO Wataru,2/9/1993,ENDO,Urawa Reds,178,75,JPN,25,11,2
Morocco,19,FW,EN NESYRI Youssef,6/1/1997,EN-NESYRI,Malaga CF,188,75,ESP,21,15,6
Denmark,10,MF,ERIKSEN Christian,2/14/1992,ERIKSEN,Tottenham Hotspur FC,181,76,ENG,26,77,2
Russia,21,MF,EROKHIN Aleksandr,10/13/1989,EROKHIN,FC Zenit St. Petersburg,191,79,RUS,28,17,10
Panama,4,DF,ESCOBAR Fidel,1/9/1995,ESCOBAR,New York Red Bulls,182,82,USA,23,22,1
Nigeria,8,MF,ETEBO Oghenekaro,11/9/1995,ETEBO,UD Las Palmas,174,74,ESP,22,14,11
Iceland,15,DF,EYJOLFSSON Holmar,8/6/1990,EYJÃ“LFSSON,Levski Sofia,188,81,BUL,27,9,8
Nigeria,1,GK,EZENWA Ikechukwu,10/16/1988,EZENWA,Enyimba FC,181,80,NGA,29,24,10
Costa Rica,15,DF,CALVO Francisco,7/8/1992,F. CALVO,Minnesota United FC,180,78,USA,25,36,7
Uruguay,1,GK,MUSLERA Fernando,6/16/1986,F. MUSLERA,Galatasaray SK,190,74,TUR,31,96,6
Poland,22,GK,FABIANSKI Lukasz,4/18/1985,FABIANSKI,Swansea City AFC,190,83,WAL,33,43,4
Colombia,18,DF,FABRA Frank,2/22/1991,FABRA,CA Boca Juniors,172,72,ARG,27,19,2
Brazil,22,DF,FAGNER,6/11/1989,FAGNER,SC Corinthians,168,67,BRA,29,4,6
Saudi Arabia,19,FW,FAHAD ALMUWALLAD,9/14/1994,FAHAD,Levante UD,168,65,ESP,23,44,9
Morocco,11,MF,FAJR Faycal,8/1/1988,FAJR,Getafe CF,178,72,ESP,29,23,8
Colombia,9,FW,FALCAO Radamel,2/10/1986,FALCAO,AS Monaco,177,72,FRA,32,73,2
Peru,10,FW,FARFAN Jefferson,10/26/1984,FARFAN,FC Lokomotiv Moscow,177,85,RUS,33,83,10
Argentina,6,DF,FAZIO Federico,3/17/1987,FAZIO,AS Roma,199,85,ITA,31,9,3
France,18,FW,FEKIR Nabil,7/18/1993,FEKIR,Olympique Lyon,173,76,FRA,24,11,7
Belgium,8,MF,FELLAINI Marouane,11/22/1987,FELLAINI,Manchester United FC,194,85,ENG,30,79,11
Russia,2,DF,MARIO FERNANDES,9/19/1990,FERNANDES,CSKA Moscow,187,79,RUS,27,4,9
Brazil,17,MF,FERNANDINHO,5/4/1985,FERNANDINHO,Manchester City FC,179,67,ENG,33,43,5
Brazil,6,DF,FILIPE LUIS,8/9/1985,FILIPE LUIS,Atletico Madrid,182,73,ESP,32,32,8
Iceland,11,FW,FINNBOGASON Alfred,2/1/1989,FINNBOGASON,FC Augsburg,185,79,GER,29,46,2
Brazil,20,FW,ROBERTO FIRMINO,10/2/1991,FIRMINO,Liverpool FC,181,76,ENG,26,20,10
Denmark,15,FW,FISCHER Viktor,6/9/1994,FISCHER,FC Kobenhavn,181,80,DEN,24,18,6
Peru,20,FW,FLORES Edison,5/14/1994,FLORES,Aalborg BK,170,72,DEN,24,28,5
Portugal,6,DF,JOSE FONTE,12/22/1983,FONTE,Dalian Yifang FC,191,84,CHN,34,30,12
Sweden,10,MF,FORSBERG Emil,10/23/1991,FORSBERG,RB Leipzig,179,78,GER,26,35,10
Brazil,18,MF,FRED,3/5/1993,FRED,FC Shakhtar Donetsk,169,64,UKR,25,8,3
Switzerland,8,MF,FREULER Remo,4/15/1992,FREULER,Atalanta Bergamo,181,75,ITA,26,9,4
Iceland,3,MF,FRIDJONSSON Samuel,2/22/1996,FRIDJÃ“NSSON,Valerenga IF,185,78,NOR,22,4,2
Uruguay,10,FW,DE ARRASCAETA Giorgian,6/1/1994,G. DE ARRASCAETA,Cruzeiro EC,172,64,BRA,24,13,6
Mexico,10,MF,DOS SANTOS Giovani,5/11/1989,G. DOS SANTOS,LA Galaxy,178,70,USA,29,104,5
Switzerland,16,MF,FERNANDES Gelson,9/2/1986,G. FERNANDES,Eintracht Frankfurt,180,72,GER,31,67,9
Costa Rica,3,DF,GONZALEZ Giancarlo,2/8/1988,G. GONZALEZ,Bologna FC,186,78,ITA,30,68,2
Portugal,17,FW,GONCALO GUEDES,11/29/1996,G. GUEDES,Valencia CF,179,72,ESP,21,9,11
Brazil,9,FW,GABRIEL JESUS,4/3/1997,G. JESUS,Manchester City FC,175,73,ENG,21,16,4
Mexico,13,GK,OCHOA Guillermo,7/13/1985,G. OCHOA,Standard LiÃ¨ge,185,76,BEL,32,93,7
Japan,21,DF,SAKAI Gotoku,3/14/1991,G. SAKAI,Hamburger SV,176,74,GER,27,39,3
Iceland,10,MF,SIGURDSSON Gylfi,9/8/1989,G. SIGURDSSON,Everton FC,186,82,ENG,28,56,9
Uruguay,13,DF,SILVA Gaston,3/5/1994,G. SILVA,CA Independiente,185,74,ARG,24,17,3
Panama,9,FW,TORRES Gabriel,10/31/1988,G. TORRES,CD Huachipato,180,77,CHI,29,71,10
Uruguay,4,DF,VARELA Guillermo,3/24/1993,G. VARELA,CA Penarol,173,70,URU,25,3,3
Russia,20,GK,GABULOV Vladimir,10/19/1983,GABULOV,Club Brugge KV,190,81,BEL,34,10,10
Germany,21,MF,GUENDOGAN Ilkay,10/24/1990,GÃœNDOGAN,Manchester City FC,180,79,ENG,27,25,10
Peru,1,GK,GALLESE Pedro,2/23/1990,GALLESE,CD Tiburones Rojos de Veracruz,189,79,MEX,28,37,2
Senegal,5,MF,GUEYE Idrissa Gana,9/26/1989,GANA,Everton FC,174,64,ENG,28,59,9
Senegal,21,DF,GASSAMA Lamine,10/20/1989,GASSAMA,Adanaspor,181,74,TUR,28,35,10
Switzerland,18,FW,GAVRANOVIC Mario,11/24/1989,GAVRANOVIC,GNK Dinamo Zagreb,175,75,CRO,28,13,11
Russia,8,MF,GAZINSKY Iury,7/20/1989,GAZINSKII,FC Krasnodar,180,75,RUS,28,5,7
Portugal,18,FW,GELSON MARTINS,5/11/1995,GELSON,Sporting CP,173,63,POR,23,18,5
Brazil,4,DF,PEDRO GEROMEL,9/21/1985,GEROMEL,GrÃªmio FBPA,190,84,BRA,32,2,9
Iran,14,FW,GHODDOS  Saman,9/6/1993,GHODDOS,IFK Ã–stersund FK,177,79,SWE,24,7,9
Germany,4,DF,GINTER Matthias,1/19/1994,GINTER,VfL Borussia MÃ¶nchengladbach,189,85,GER,24,17,1
France,9,FW,GIROUD Olivier,9/30/1986,GIROUD,Chelsea FC,193,91,ENG,31,73,9
Iceland,19,MF,GISLASON Rurik,2/25/1988,GISLASON,SV Sandhausen,184,78,GER,30,46,2
Poland,15,DF,GLIK Kamil,2/3/1988,GLIK,AS Monaco,190,80,FRA,30,57,2
Panama,20,MF,GODOY Anibal,2/10/1990,GODOY,San Jose Earthquakes,183,82,USA,28,88,2
Russia,17,MF,GOLOVIN Aleksandr,5/30/1996,GOLOVIN,CSKA Moscow,178,70,RUS,22,18,5
Panama,6,MF,GOMEZ Gabriel,5/29/1984,GOMEZ,AtlÃ©tico Bucaramanga,183,82,COL,34,143,7
Germany,23,FW,GOMEZ Mario,7/10/1985,GOMEZ,VfB Stuttgart,189,82,GER,32,74,5
Senegal,23,GK,GOMIS Alfred,9/5/1993,GOMIS,SPAL Ferrara,196,80,ITA,24,1,9
Poland,6,MF,GORALSKI Jacek,9/21/1992,GORALSKI,PFC Ludogorets Razgrad,172,66,BUL,25,3,9
Germany,14,MF,GORETZKA Leon,2/6/1995,GORETZKA,FC Schalke 04,189,76,GER,23,15,2
Russia,14,DF,GRANAT Vladimir,5/22/1987,GRANAT,FC Rubin Kazan,184,80,RUS,31,12,5
Sweden,4,DF,GRANQVIST Andreas,4/16/1985,GRANQVIST,FC Krasnodar,192,84,RUS,33,71,4
France,7,FW,GRIEZMANN Antoine,3/21/1991,GRIEZMANN,Atletico Madrid,174,72,ESP,27,53,3
Poland,11,MF,GROSICKI Kamil,6/8/1988,GROSICKI,Hull City FC,180,78,ENG,30,56,6
Serbia,16,MF,GRUJIC Marko,4/13/1996,GRUJIÄ†,Cardiff City FC,190,82,WAL,22,7,4
Peru,9,FW,GUERRERO Paolo,1/1/1984,GUERRERO,CR Flamengo,185,88,BRA,34,87,1
Sweden,11,FW,GUIDETTI John,4/15/1992,GUIDETTI,Deportivo AlavÃ©s,185,79,ESP,26,20,4
Iceland,17,MF,GUNNARSSON Aron,4/22/1989,GUNNARSSON,Cardiff City FC,181,86,WAL,29,77,4
Argentina,1,GK,GUZMAN Nahuel,2/10/1986,GUZMÃN,Tigres UANL,192,90,MEX,32,6,2
South Korea,11,FW,HWANG Heechan,1/26/1996,H C HWANG,FC Red Bull Salzburg,177,77,AUT,22,13,1
South Korea,7,FW,SON Heungmin,7/8/1992,H M SON,Tottenham Hotspur FC,183,76,ENG,25,65,7
South Korea,20,DF,JANG Hyunsoo,9/28/1991,H S JANG,FC Tokyo,187,77,JPN,26,49,9
South Korea,23,GK,JO Hyeonwoo,9/25/1991,H W JO,Daegu FC,189,75,KOR,26,5,9
Mexico,2,DF,AYALA Hugo,3/31/1987,H. AYALA,Tigres UANL,188,82,MEX,31,42,3
Mexico,16,DF,HERRERA Hector,4/19/1990,H. HERRERA,FC Porto,180,79,POR,28,65,4
Mexico,22,FW,LOZANO Hirving,7/30/1995,H. LOZANO,PSV Eindhoven,176,66,NED,22,27,7
Mexico,15,DF,MORENO Hector,1/17/1988,H. MORENO,Real Sociedad,182,82,ESP,30,91,1
Japan,19,DF,SAKAI Hiroki,4/12/1990,H. SAKAI,Olympique Marseille,183,70,FRA,28,41,4
Tunisia,5,DF,HADDADI Oussama,1/28/1992,HADDADI,Dijon FCO,185,76,FRA,26,8,1
Iran,3,DF,HAJI SAFI Ehsan,2/25/1990,HAJI SAFI,Olympiacos Piraeus FC,178,75,GRE,28,93,2
Morocco,2,DF,HAKIMI Achraf,11/4/1998,HAKIMI,Real Madrid CF,179,65,ESP,19,9,11
Iceland,1,GK,HALLDORSSON Hannes,4/27/1984,HALLDORSSON,Randers FC,193,88,DEN,34,48,4
Iceland,20,MF,HALLFREDSSON Emil,6/29/1984,HALLFREDSSON,Udinese Calcio,186,86,ITA,33,63,6
Japan,8,MF,HARAGUCHI Genki,5/9/1991,HARAGUCHI,Fortuna DÃ¼sseldorf,178,68,GER,27,31,5
Morocco,18,MF,HARIT Amine,6/18/1997,HARIT,FC Schalke 04,179,66,GER,20,5,6
Japan,17,MF,HASEBE Makoto,1/18/1984,HASEBE,Eintracht Frankfurt,180,72,GER,34,109,1
Tunisia,22,GK,HASSEN Mouez,3/5/1995,HASSEN,LB Chateauroux,186,70,FRA,23,3,3
Saudi Arabia,9,MF,HATAN BAHBIR,7/16/1992,HATAN,Al Shabab FC,170,66,KSA,25,4,7
Germany,3,DF,HECTOR Jonas,5/27/1990,HECTOR,1. FC KÃ¶ln,185,75,GER,28,37,5
Sweden,14,DF,HELANDER Filip,4/22/1993,HELANDER,Bologna FC,192,83,ITA,25,4,4
England,8,MF,HENDERSON Jordan,6/17/1990,HENDERSON,Liverpool FC,183,82,ENG,27,38,6
France,21,DF,HERNANDEZ Lucas,2/14/1996,HERNANDEZ,Atletico Madrid,183,76,ESP,22,4,2
Japan,12,GK,HIGASHIGUCHI Masaaki,5/12/1986,HIGASHIGUCHI,Gamba Osaka,184,78,JPN,32,4,5
Argentina,9,FW,HIGUAIN Gonzalo,12/10/1987,HIGUAÃN,Juventus FC,184,75,ITA,30,71,12
Sweden,15,MF,HILJEMARK Oscar,6/28/1992,HILJEMARK,Genoa CFC,184,73,ITA,25,21,6
Japan,4,MF,HONDA Keisuke,6/13/1986,HONDA,CF Pachuca,182,74,MEX,32,94,6
Germany,5,DF,HUMMELS Mats,12/16/1988,HUMMELS,FC Bayern MÃ¼nchen,192,90,GER,29,63,12
Peru,7,MF,HURTADO Paolo,7/27/1990,HURTADO,Vitoria Guimaraes,174,66,POR,27,31,7
Saudi Arabia,16,MF,HUSSAIN ALMOQAHWI,3/24/1988,HUSSAIN,Al Ahli SC,174,76,KSA,30,17,3
Costa Rica,4,DF,SMITH Ian,3/6/1998,I. SMITH,IFK Norrkoping FK,177,68,SWE,20,2,3
Spain,17,FW,ASPAS Iago,8/1/1987,IAGO ASPAS,Celta Vigo,176,67,ESP,30,9,8
Nigeria,2,DF,IDOWU Bryan,5/18/1992,IDOWU,FK Amkar Perm,179,75,RUS,26,4,5
Nigeria,9,FW,IGHALO Odion,6/16/1989,IGHALO,Changchun Yatai,188,83,CHN,28,18,6
Russia,4,DF,IGNASHEVICH Sergey,7/14/1979,IGNASHEVICH,CSKA Moscow,186,84,RUS,38,121,7
Nigeria,14,FW,IHEANACHO Kelechi,3/10/1996,IHEANACHO,Leicester City FC,183,80,ENG,22,17,3
Iceland,5,DF,INGASON Sverrir,8/5/1993,INGASON,FC Rostov,188,80,RUS,24,19,8
Japan,14,MF,INUI Takashi,6/2/1988,INUI,SD Eibar,169,59,ESP,30,25,6
Australia,22,MF,IRVINE Jackson,3/7/1993,IRVINE,Hull City FC,180,77,ENG,25,18,3
Spain,22,MF,ISCO,4/21/1992,ISCO,Real Madrid CF,176,74,ESP,26,27,4
Senegal,18,FW,SARR Ismaila,2/25/1998,ISMAÃLA,Stade Rennais FC,175,70,FRA,20,14,2
Serbia,6,DF,IVANOVIC Branislav,2/22/1984,IVANOVIÄ†,FC Zenit St. Petersburg,185,89,RUS,34,102,2
Nigeria,18,FW,IWOBI Alex,5/3/1996,IWOBI,Arsenal FC,185,86,ENG,22,18,5
Colombia,21,FW,IZQUIERDO Jose,7/7/1992,IZQUIERDO,Brighton & Hove Albion FC,171,73,ENG,25,5,7
South Korea,13,MF,KOO Jacheol,2/27/1989,J C KOO,FC Augsburg,182,73,GER,29,66,2
South Korea,21,GK,KIM Jinhyeon,7/6/1987,J H KIM,Cerezo Osaka,193,82,JPN,30,14,7
South Korea,6,DF,PARK Jooho,1/16/1987,J H PARK,Ulsan Hyundai FC,174,71,KOR,31,35,1
South Korea,17,MF,LEE Jaesung,8/10/1992,J S LEE,Jeonbuk Hyundai,180,70,KOR,25,33,8
Costa Rica,2,DF,ACOSTA Johnny,7/21/1983,J. ACOSTA,Rionegro Ãguilas,176,75,COL,34,68,7
Mexico,20,MF,AQUINO Javier,2/11/1990,J. AQUINO,Tigres UANL,166,59,MEX,28,53,2
Costa Rica,12,FW,CAMPBELL Joel,6/26/1992,J. CAMPBELL,Real Betis,178,71,ESP,25,75,6
Mexico,1,GK,CORONA Jose,1/26/1981,J. CORONA,Cruz Azul,182,80,MEX,37,52,1
Mexico,6,MF,DOS SANTOS Jonathan,4/26/1990,J. DOS SANTOS,LA Galaxy,173,69,USA,28,31,4
Mexico,23,MF,GALLARDO Jesus,8/15/1994,J. GALLARDO,Pumas UNAM,177,74,MEX,23,22,8
Iceland,7,MF,GUDMUNDSSON Johann,10/27/1990,J. GUDMUNDSSON,Burnley FC,179,77,ENG,27,66,10
Mexico,14,FW,HERNANDEZ Javier,6/1/1988,J. HERNÃNDEZ,West Ham United FC,175,71,ENG,30,101,6
Colombia,16,MF,LERMA Jefferson,10/25/1994,J. LERMA,Levante UD,179,70,ESP,23,5,10
Portugal,10,MF,JOAO MARIO,1/19/1993,J. MÃRIO,West Ham United FC,179,73,ENG,25,35,1
Colombia,17,DF,MOJICA Johan,8/21/1992,J. MOJICA,Girona FC,185,66,ESP,25,4,8
Portugal,8,MF,JOAO MOUTINHO,9/8/1986,J. MOUTINHO,AS Monaco,170,61,FRA,31,109,9
Colombia,20,MF,QUINTERO Juan,1/18/1993,J. QUINTERO,CA River Plate,169,64,ARG,25,15,1
Panama,21,MF,RODRIGUEZ Jose Luis,6/19/1998,J. RODRIGUEZ,KAA Gent,180,77,BEL,19,1,6
Uruguay,20,FW,URRETAVISCAYA Jonathan,3/19/1990,J. URRETAVISCAYA,CF Monterrey,172,66,MEX,28,4,3
Costa Rica,11,FW,VENEGAS Johan,11/27/1988,J. VENEGAS,Deportivo Saprissa,183,76,CRC,29,45,11
Colombia,22,GK,CUADRADO Jose,6/1/1985,J.F. CUADRADO,CD Once Caldas,180,80,COL,33,1,6
Uruguay,2,DF,GIMENEZ Jose,1/20/1995,J.M. GIMENEZ,Atletico Madrid,185,77,ESP,23,41,1
Colombia,10,MF,RODRIGUEZ James,7/12/1991,JAMES,FC Bayern MÃ¼nchen,180,75,GER,26,63,7
Sweden,18,DF,JANSSON Pontus,2/13/1991,JANSSON,Leeds United FC,194,89,ENG,27,15,2
Belgium,18,FW,JANUZAJ Adnan,2/5/1995,JANUZAJ,Real Sociedad,180,75,ESP,23,7,2
Australia,15,MF,JEDINAK Mile,8/3/1984,JEDINAK,Aston Villa FC,188,78,ENG,33,75,8
Poland,3,DF,JEDRZEJCZYK Artur,11/4/1987,JEDRZEJCZYK,Legia Warsaw,189,78,POL,30,35,11
Croatia,13,DF,JEDVAJ Tin,11/28/1995,JEDVAJ,Bayer 04 Leverkusen,184,81,GER,22,11,11
Mexico,17,MF,CORONA Jesus,1/6/1993,JESÃšS C.,FC Porto,174,69,POR,25,35,1
Sweden,12,GK,JOHNSSON Karl-Johan,1/28/1990,JOHNSSON,EA Guingamp,187,83,FRA,28,5,1
Australia,12,GK,JONES Brad,3/19/1982,JONES,Feyenoord Rotterdam,193,87,NED,36,5,3
England,16,DF,JONES Phil,2/21/1992,JONES,Manchester United FC,182,72,ENG,26,24,2
Spain,18,DF,ALBA Jordi,3/21/1989,JORDI ALBA,FC Barcelona,170,68,ESP,29,61,3
Serbia,19,FW,JOVIC Luka,12/23/1997,JOVIÄ†,Eintracht Frankfurt,181,75,GER,20,1,12
Australia,9,FW,JURIC Tomi,7/22/1991,JURIC,FC Luzern,190,80,SUI,26,34,7
Australia,6,DF,JURMAN Matthew,12/8/1989,JURMAN,Suwon Samsung Bluewings FC,190,83,KOR,28,4,12
Costa Rica,1,GK,NAVAS Keylor,12/15/1986,K. NAVAS,Real Madrid CF,185,80,ESP,31,79,12
Costa Rica,19,DF,WASTON Kendall,1/1/1988,K. WASTON,Vancouver Whitecaps FC,196,87,CAN,30,25,1
Japan,10,MF,KAGAWA Shinji,3/17/1989,KAGAWA,Borussia Dortmund,175,68,GER,29,90,3
England,9,FW,KANE Harry,7/28/1993,KANE,Tottenham Hotspur FC,188,98,ENG,24,24,7
Saudi Arabia,12,MF,MOHAMED KANNO,9/22/1994,KANNO,Al Hilal SFC,192,73,KSA,23,6,9
France,13,MF,KANTE Ngolo,3/29/1991,KANTE,Chelsea FC,168,70,ENG,27,23,3
Senegal,4,DF,MBODJI Kara,11/22/1989,KARA,RSC Anderlecht,192,85,BEL,28,51,11
Iran,10,FW,ANSARIFARD Karim,4/3/1990,KARIM,Olympiacos Piraeus FC,187,80,GRE,28,63,4
Japan,1,GK,KAWASHIMA Eiji,3/20/1983,KAWASHIMA,FC Metz,185,74,FRA,35,83,3
Senegal,20,FW,BALDE Keita,3/8/1995,KEÃTA BALDE,AS Monaco,181,77,FRA,23,17,3
Senegal,16,GK,NDIAYE Khadim,4/5/1985,KH. NDIAYE,Horoya AC,185,80,GUI,33,25,4
Tunisia,19,FW,KHALIFA Saber,10/14/1986,KHALIFA,Club Africain,185,72,TUN,31,43,10
Tunisia,15,FW,KHALIL Ahmed,12/21/1994,KHALIL,Club Africain,187,75,TUN,23,3,12
Tunisia,7,FW,KHAOUI Saifeddine,4/27/1995,KHAOUI,ES Troyes,180,76,FRA,23,4,4
Tunisia,10,FW,KHAZRI Wahbi,2/8/1991,KHAZRI,Stade Rennais FC,182,76,FRA,27,35,2
Germany,6,MF,KHEDIRA Sami,4/4/1987,KHEDIRA,Juventus FC,189,81,ITA,31,74,4
Sweden,22,FW,THELIN Isaac Kiese,6/24/1992,KIESE THELIN,KV Waasland-Beveren,189,83,BEL,25,19,6
Germany,18,DF,KIMMICH Joshua,2/8/1995,KIMMICH,FC Bayern MÃ¼nchen,176,72,GER,23,28,2
France,3,DF,KIMPEMBE Presnel,8/13/1995,KIMPEMBE,Paris Saint-Germain FC,182,78,FRA,22,2,8
Denmark,4,DF,KJAER Simon,3/26/1989,KJÃ†R,Sevilla FC,191,84,ESP,29,77,3
Denmark,5,DF,KNUDSEN Jonas,9/16/1992,KNUDSEN,Ipswich Town FC,187,82,ENG,25,3,9
Spain,8,MF,KOKE,1/8/1992,KOKE,Atletico Madrid,176,73,ESP,26,39,1
Serbia,11,DF,KOLAROV Aleksandar,11/10/1985,KOLAROV,AS Roma,187,83,ITA,32,75,11
Belgium,4,DF,KOMPANY Vincent,4/10/1986,KOMPANY,Manchester City FC,190,85,ENG,32,74,4
Senegal,14,FW,KONATE Moussa,4/3/1993,KONATE,Amiens SC,180,78,FRA,25,27,4
Serbia,17,MF,KOSTIC Filip,11/1/1992,KOSTIÄ†,Hamburger SV,184,82,GER,25,22,11
Senegal,3,DF,KOULIBALY Kalidou,6/20/1991,KOULIBALY,SSC Napoli,195,89,ITA,26,24,6
Croatia,8,MF,KOVACIC Mateo,5/6/1994,KOVAÄŒIÄ†,Real Madrid CF,178,78,ESP,24,40,5
Poland,23,FW,KOWNACKI Dawid,3/14/1997,KOWNACKI,UC Sampdoria,185,75,ITA,21,1,3
Sweden,16,DF,KRAFTH Emil,8/2/1994,KRAFTH,Bologna FC,181,72,ITA,23,12,8
Croatia,9,FW,KRAMARIC Andrej,6/19/1991,KRAMARIÄ†,TSG 1899 Hoffenheim,177,73,GER,26,30,6
Denmark,2,MF,KROHN-DEHLI Michael,6/6/1983,KROHN-DEHLI,Deportivo La CoruÃ±a,171,69,ESP,35,58,6
Germany,8,MF,KROOS Toni,1/4/1990,KROOS,Real Madrid CF,182,78,ESP,28,82,1
Australia,10,FW,KRUSE Robbie,10/5/1988,KRUSE,VfL Bochum,180,66,GER,29,63,10
Poland,10,MF,KRYCHOWIAK Grzegorz,1/29/1990,KRYCHOWIAK,West Bromwich Albion FC,186,83,ENG,28,49,1
Russia,13,DF,KUDRIASHOV Fedor,4/5/1987,KUDRIASHOV,FC Rubin Kazan,187,78,RUS,31,18,4
Poland,21,MF,KURZAWA Rafal,1/29/1993,KURZAWA,Gornik Zabrze,182,73,POL,25,3,1
Russia,3,DF,KUTEPOV Ilya,7/29/1993,KUTEPOV,FC Spartak Moscow,190,82,RUS,24,6,7
Russia,7,MF,KUZIAEV Daler,1/15/1993,KUZIAEV,FC Zenit St. Petersburg,182,74,RUS,25,5,1
Denmark,7,MF,KVIST William,2/24/1985,KVIST,FC Kobenhavn,185,80,DEN,33,79,2
Croatia,12,GK,KALINIC Lovre,4/3/1990,L. KALINIÄ†,KAA Gent,201,96,BEL,28,10,4
Costa Rica,23,GK,MOREIRA Leonel,4/2/1990,L. MOREIRA,CS Herediano,179,70,CRC,28,9,4
Colombia,14,FW,MURIEL Luis,4/16/1991,L. MURIEL,Sevilla FC,178,79,ESP,27,18,4
Uruguay,9,FW,SUAREZ Luis,1/24/1987,L. SUAREZ,FC Barcelona,182,85,ESP,31,97,1
Uruguay,14,MF,TORREIRA Lucas,2/11/1996,L. TORREIRA,UC Sampdoria,168,61,ITA,22,2,2
Denmark,16,GK,LOSSL Jonas,2/1/1989,LÃ–SSL,Huddersfield Town FC,195,90,ENG,29,1,2
Switzerland,6,DF,LANG Michael,2/8/1991,LANG,FC Basel,185,78,SUI,27,24,2
Argentina,15,MF,LANZINI Manuel,2/15/1993,LANZINI,West Ham United FC,167,66,ENG,25,4,2
Sweden,7,MF,LARSSON Sebastian,6/6/1985,LARSSON,Hull City FC,178,70,ENG,33,99,6
Australia,7,FW,LECKIE Mathew,2/4/1991,LECKIE,Hertha BSC,181,84,GER,27,52,2
France,8,FW,LEMAR Thomas,11/12/1995,LEMAR,AS Monaco,172,65,FRA,22,11,11
Denmark,18,MF,LERAGER Lukas,7/12/1993,LERAGER,FC Girondins Bordeaux,186,85,FRA,24,3,7
Poland,9,FW,LEWANDOWSKI Robert,8/21/1988,LEWANDOWSKI,FC Bayern MÃ¼nchen,185,79,GER,29,93,8
Switzerland,2,DF,LICHTSTEINER Stephan,1/16/1984,LICHTSTEINER,Juventus FC,181,77,ITA,34,99,1
Sweden,3,DF,LINDELOF Victor,7/17/1994,LINDELÃ–F,Manchester United FC,187,81,ENG,23,20,7
Poland,8,MF,LINETTY Karol,2/2/1995,LINETTY,UC Sampdoria,176,73,ITA,23,19,2
England,7,MF,LINGARD Jesse,12/15/1992,LINGARD,Manchester United FC,175,60,ENG,25,11,12
Croatia,1,GK,LIVAKOVIC Dominik,1/9/1995,LIVAKOVIÄ†,GNK Dinamo Zagreb,188,82,CRO,23,1,1
Serbia,22,MF,LJAJIC Adem,9/29/1991,LJAJIÄ†,Torino FC,182,74,ITA,26,28,9
France,1,GK,LLORIS Hugo,12/26/1986,LLORIS,Tottenham Hotspur FC,188,82,ENG,31,97,12
Argentina,20,MF,LO CELSO Giovani,4/9/1996,LO CELSO,Paris Saint-Germain FC,177,75,FRA,22,5,4
England,21,MF,LOFTUS-CHEEK Ruben,1/23/1996,LOFTUS-CHEEK,Chelsea FC,190,73,ENG,22,3,1
Portugal,12,GK,ANTHONY LOPES,10/1/1990,LOPES,Olympique Lyon,184,81,FRA,27,7,10
Croatia,6,DF,LOVREN Dejan,7/5/1989,LOVREN,Liverpool FC,188,84,ENG,28,38,7
Peru,22,DF,LOYOLA Nilson,10/26/1994,LOYOLA,FBC Melgar,179,68,PER,23,3,10
Spain,11,FW,VAZQUEZ Lucas,7/1/1991,LUCAS V.,Real Madrid CF,173,70,ESP,26,6,7
Russia,12,GK,LUNEV Andrei,11/13/1991,LUNEV,FC Zenit St. Petersburg,189,80,RUS,26,3,11
Australia,8,MF,LUONGO Massimo,9/25/1992,LUONGO,Queens Park Rangers FC,176,76,ENG,25,35,9
Sweden,2,DF,LUSTIG Mikael,12/13/1986,LUSTIG,Celtic FC,189,77,SCO,31,65,12
Egypt,10,FW,MOHAMED SALAH,6/15/1992,M SALAH,Liverpool FC,175,71,ENG,25,57,6
South Korea,12,DF,KIM Minwoo,2/25/1990,M W KIM,Sangju Sangmu FC,172,69,KOR,28,18,2
Colombia,19,FW,BORJA Miguel,1/26/1993,M. BORJA,SE Palmeiras,183,74,BRA,25,7,1
Uruguay,22,DF,CACERES Martin,4/7/1987,M. CACERES,SS Lazio,178,75,ITA,31,75,4
Uruguay,12,GK,CAMPANA Martin,5/29/1989,M. CAMPAÃ‘A,CA Independiente,184,79,ARG,29,1,5
Senegal,9,FW,DIOUF Mame,12/16/1987,M. DIOUF,Stoke City FC,185,81,ENG,30,47,12
Egypt,17,MF,MOHAMED ELNENY,7/11/1992,M. ELNENY,Arsenal FC,181,74,ENG,25,60,7
Egypt,23,GK,MOHAMED ELSHENAWY,12/18/1988,M. ELSHENAWY,Al Ahly SC,191,86,EGY,29,2,12
Mexico,8,FW,FABIAN Marco,7/21/1989,M. FABIÃN,Eintracht Frankfurt,171,70,GER,28,38,7
Portugal,4,MF,MANUEL FERNANDES,2/5/1986,M. FERNANDES,FC Lokomotiv Moscow,174,69,RUS,32,14,2
Uruguay,18,FW,GOMEZ Maximiliano,8/14/1996,M. GOMEZ,Celta Vigo,186,85,ESP,21,4,8
Egypt,15,DF,MAHMOUD HAMDY,6/1/1995,M. HAMDY,Zamalek,173,72,EGY,23,0,6
Iran,19,DF,HOSSEINI Majid,6/20/1996,M. HOSSEINI,Esteghlal Tehran FC,183,78,IRN,21,1,6
Denmark,13,DF,JORGENSEN Mathias,4/23/1990,M. JÃ˜RGENSEN,Huddersfield Town FC,191,85,ENG,28,12,4
Egypt,11,FW,KAHRABA,4/13/1994,M. KAHRABA,Al-Ittihad FC,182,76,KSA,24,18,4
Mexico,7,MF,LAYUN Miguel,6/25/1988,M. LAYÃšN,Sevilla FC,180,72,ESP,29,63,6
Iran,5,DF,MOHAMMADI Milad,9/29/1993,M. MOHAMMADI,FC Akhmat Grozny,178,69,RUS,24,18,9
Uruguay,16,DF,PEREIRA Maximiliano,6/8/1984,M. PEREIRA,FC Porto,173,73,POR,34,124,6
Iran,8,DF,POURALIGANJI Morteza,4/19/1992,M. POURALIGANJI,Al Sadd SC,187,83,QAT,26,26,4
Uruguay,23,GK,SILVA Martin,3/25/1983,M. SILVA,CR Vasco da Gama,187,82,BRA,35,11,3
Iran,2,MF,TORABI Mehdi,9/10/1994,M. TORABI,Saipa Alborz FC,185,71,IRN,23,16,9
Egypt,21,MF,TREZEGUET,10/1/1994,M. TREZEGUET,Kasimpasa SK,181,77,TUR,23,23,10
Costa Rica,21,FW,URENA Marcos,3/5/1990,M. UREÃ‘A,Los Angeles FC,181,70,USA,28,62,3
Colombia,15,MF,URIBE Mateus,3/21/1991,M. URIBE,Club AmÃ©rica,182,71,MEX,27,8,3
Uruguay,15,MF,VECINO Matias,8/24/1991,M. VECINO,FC Internazionale,189,80,ITA,26,21,8
Senegal,22,DF,WAGUE Moussa,10/4/1998,M. WAGUE,KAS Eupen,177,70,BEL,19,9,10
Iran,13,DF,KHANZADEH Mohammad Reza,5/11/1991,M.R. KHANZADEH,Padideh FC,186,80,IRN,27,11,5
Tunisia,12,DF,MAALOUL Ali,1/1/1990,MAALOUL,Al Ahly SC,170,72,EGY,28,45,9
Panama,13,DF,MACHADO Adolfo,2/14/1985,MACHADO,Houston Dynamo,182,78,USA,33,75,5
Australia,14,FW,MacLAREN Jamie,7/29/1993,MACLAREN,Hibernian FC,178,72,SCO,24,6,1
Germany,13,MF,MUELLER Thomas,9/13/1989,MÃœLLER,FC Bayern MÃ¼nchen,186,75,GER,28,90,2
Portugal,19,DF,MARIO RUI,5/27/1991,MÃRIO RUI,SSC Napoli,168,67,ITA,27,3,7
Iceland,18,DF,MAGNUSSON Hordur,2/11/1993,MAGNÃšSSON,Bristol City FC,191,85,ENG,25,16,2
England,6,DF,MAGUIRE Harry,3/5/1993,MAGUIRE,Leicester City FC,193,98,ENG,25,4,3
Japan,20,DF,MAKINO Tomoaki,5/11/1987,MAKINO,Urawa Reds,182,77,JPN,31,31,5
Croatia,17,FW,MANDZUKIC Mario,5/21/1986,MANDÅ½UKIÄ†,Juventus FC,190,85,ITA,32,82,5
France,16,GK,MANDANDA Steve,3/28/1985,MANDANDA,Olympique Marseille,187,88,FRA,33,27,3
Senegal,10,FW,MANE Sadio,4/10/1992,MANE,Liverpool FC,175,69,ENG,26,51,4
Saudi Arabia,2,DF,MANSOUR ALHARBI,10/19/1987,MANSOUR,Al Ahli SC,173,68,KSA,30,39,10
Brazil,12,DF,MARCELO,5/12/1988,MARCELO,Real Madrid CF,174,80,ESP,30,53,5
Brazil,13,DF,MARQUINHOS,5/14/1994,MARQUINHOS,Paris Saint-Germain FC,183,75,FRA,24,25,5
Egypt,9,FW,MARWAN MOHSEN,2/26/1989,MARWAN,Al Ahly SC,185,81,EGY,29,23,2
Argentina,14,DF,MASCHERANO Javier,6/8/1984,MASCHERANO,Hebei China Fortune FC,174,73,CHN,34,143,6
Tunisia,16,GK,MATHLOUTHI Aymen,9/14/1984,MATHLOUTHI .A,Al Batin FC,182,84,KSA,33,69,9
Serbia,21,MF,MATIC Nemanja,8/1/1988,MATIÄ†,Manchester United FC,194,86,ENG,29,39,8
France,14,MF,MATUIDI Blaise,4/9/1987,MATUIDI,Juventus FC,180,74,ITA,31,66,4
France,10,FW,MBAPPE Kylian,12/20/1998,MBAPPE,Paris Saint-Germain FC,178,78,FRA,19,14,12
Iran,17,FW,TAREMI Mehdi,7/18/1992,MEHDI,Al Gharafa SC,187,80,QAT,25,25,7
France,22,DF,MENDY Benjamin,7/17/1994,MENDY,Manchester City FC,183,84,ENG,23,6,7
Morocco,3,DF,MENDYL Hamza,10/21/1997,MENDYL,Lille OSC,179,70,FRA,20,13,10
Argentina,2,DF,MERCADO Gabriel,3/18/1987,MERCADO,Sevilla FC,181,81,ESP,31,20,3
Australia,3,DF,MEREDITH James,4/5/1988,MEREDITH,Millwall FC,179,71,ENG,30,2,4
Tunisia,4,DF,MERIAH Yassine,7/2/1993,MERIAH,CS Sfaxien,183,70,TUN,24,15,7
Belgium,14,FW,MERTENS Dries,5/6/1987,MERTENS,SSC Napoli,169,61,ITA,31,65,5
Argentina,10,FW,MESSI Lionel,6/24/1987,MESSI,FC Barcelona,170,72,ESP,30,124,6
Belgium,15,DF,MEUNIER Thomas,9/12/1991,MEUNIER,Paris Saint-Germain FC,190,88,FRA,26,23,9
Argentina,13,MF,MEZA Maximiliano,12/15/1992,MEZA,CA Independiente,180,76,ARG,25,2,12
Belgium,12,GK,MIGNOLET Simon,3/6/1988,MIGNOLET,Liverpool FC,193,87,ENG,30,21,3
Nigeria,10,MF,MIKEL John Obi,4/22/1987,MIKEL,Tianjin Teda,188,82,CHN,31,84,4
Serbia,15,DF,MILENKOVIC Nikola,10/12/1997,MILENKOVIÄ†,ACF Fiorentina,195,90,ITA,20,2,10
Poland,7,FW,MILIK Arkadiusz,2/28/1994,MILIK,SSC Napoli,186,81,ITA,24,38,2
Serbia,4,MF,MILIVOJEVIC Luka,4/7/1991,MILIVOJEVIÄ†,Crystal Palace FC,186,80,ENG,27,27,4
Australia,5,DF,MILLIGAN Mark,8/4/1985,MILLIGAN,Al Ahli SC,178,78,KSA,32,70,8
Russia,15,MF,MIRANCHUK Alexey,10/17/1995,MIRANCHUK AL.,FC Lokomotiv Moscow,185,77,RUS,22,17,10
Russia,16,MF,MIRANCHUK Anton,10/17/1995,MIRANCHUK AN.,FC Lokomotiv Moscow,182,67,RUS,22,5,10
Brazil,3,DF,MIRANDA,9/7/1984,MIRANDA,FC Internazionale,186,78,ITA,33,46,9
Serbia,9,FW,MITROVIC Aleksandar,9/16/1994,MITROVIÄ†,Fulham FC,189,82,ENG,23,36,9
Croatia,10,MF,MODRIC Luka,9/9/1985,MODRIÄ†,Real Madrid CF,172,66,ESP,32,105,9
Spain,16,DF,MONREAL Nacho,2/26/1986,MONREAL,Arsenal FC,179,72,ENG,32,22,2
Australia,13,MF,MOOY Aaron,9/15/1990,MOOY,Huddersfield Town FC,173,72,ENG,27,33,9
Egypt,5,MF,SAM MORSY,9/10/1991,MORSY,Wigan Athletic FC,173,75,ENG,26,4,9
Nigeria,11,FW,MOSES Victor,12/12/1990,MOSES,Chelsea FC,177,75,ENG,27,33,12
Saudi Arabia,23,DF,MOTAZ HAWSAWI,2/17/1992,MOTAZ,Al Ahli SC,180,79,KSA,26,17,2
Switzerland,3,DF,MOUBANDJE Francois,6/21/1990,MOUBANDJE,Toulouse FC,180,76,FRA,27,17,6
Saudi Arabia,20,FW,MUHANNAD ASIRI,10/14/1986,MUHANNAD,Al Ahli SC,185,79,KSA,31,18,10
Panama,2,DF,MURILLO Michael,2/11/1996,MURILLO,New York Red Bulls,183,78,USA,22,21,2
Nigeria,7,FW,MUSA Ahmed,10/14/1992,MUSA,CSKA Moscow,173,65,RUS,25,71,10
Japan,13,FW,MUTO Yoshinori,7/15/1992,MUTO,FSV Mainz 05,179,72,GER,25,22,7
Switzerland,12,GK,MVOGO Yvon,6/6/1994,MVOGO,RB Leipzig,186,84,GER,24,0,6
Morocco,16,MF,AMRABAT Noureddine,3/31/1987,N. AMRABAT,CD LeganÃ©s,178,77,ESP,31,43,3
Denmark,9,FW,JORGENSEN Nicolai,1/15/1991,N. JÃ˜RGENSEN,Feyenoord Rotterdam,194,86,NED,27,30,1
Croatia,16,FW,KALINIC Nikola,1/5/1988,N. KALINIÄ†,AC Milan,187,81,ITA,30,41,1
Uruguay,8,MF,NANDEZ Nahitan,12/28/1995,N. NANDEZ,CA Boca Juniors,171,61,ARG,22,11,12
Australia,11,FW,NABBOUT Andrew,12/17/1992,NABBOUT,Urawa Reds,178,85,JPN,25,3,12
Spain,4,DF,NACHO,1/18/1990,NACHO,Real Madrid CF,179,77,ESP,28,16,1
Japan,5,DF,NAGATOMO Yuto,9/12/1986,NAGATOMO,Galatasaray SK,170,68,TUR,31,104,9
Tunisia,21,DF,NAGUEZ Hamdi,10/28/1992,NAGUEZ,Zamalek,186,75,EGY,25,15,10
Japan,23,GK,NAKAMURA Kosuke,2/27/1995,NAKAMURA,Kashiwa Reysol,184,72,JPN,23,3,2
Nigeria,4,MF,NDIDI Onyinye,12/16/1996,NDIDI,Leicester City FC,184,73,ENG,21,16,12
Germany,1,GK,NEUER Manuel,3/27/1986,NEUER,FC Bayern MÃ¼nchen,193,93,GER,32,75,3
Brazil,10,FW,NEYMAR,2/5/1992,NEYMAR JR,Paris Saint-Germain FC,175,68,FRA,26,84,2
Senegal,19,FW,NIANG Mbaye,12/19/1994,NIANG,Torino FC,184,74,ITA,23,5,12
Sweden,23,GK,NORDFELDT Kristoffer,6/23/1989,NORDFELDT,Swansea City AFC,190,85,WAL,28,8,6
Nigeria,13,FW,NWANKWO Simeon,5/7/1992,NWANKWO,FC Crotone,197,89,ITA,26,1,5
France,15,MF,NZONZI Steven,12/15/1988,NZONZI,Sevilla FC,197,87,ESP,29,4,12
Costa Rica,6,DF,DUARTE Oscar,6/3/1989,O. DUARTE,RCD Espanyol,186,81,ESP,29,38,6
Egypt,4,MF,OMAR GABER,1/30/1992,O. GABER,Los Angeles FC,175,71,USA,26,23,1
Colombia,3,DF,MURILLO Oscar,4/18/1988,O. MURILLO,CF Pachuca,184,80,MEX,30,13,4
Mexico,19,FW,PERALTA Oribe,1/12/1984,O. PERALTA,Club AmÃ©rica,178,72,MEX,34,66,1
Nigeria,15,MF,OBI Joel,5/22/1991,OBI,Torino FC,177,77,ITA,27,17,5
Spain,12,DF,ODRIOZOLA Alvaro,12/14/1995,ODRIOZOLA,Real Sociedad,178,67,ESP,22,3,12
Nigeria,19,MF,OGU John,4/20/1988,OGU,Hapoel Be'er Sheva FC,191,90,ISR,30,19,4
Japan,18,MF,OSHIMA Ryota,1/23/1993,OHSHIMA,Kawasaki Frontale,168,64,JPN,25,4,1
Japan,9,FW,OKAZAKI Shinji,4/16/1986,OKAZAKI,Leicester City FC,174,70,ENG,32,112,4
Sweden,1,GK,OLSEN Robin,1/8/1990,OLSEN,FC Kobenhavn,198,89,DEN,28,17,1
Sweden,5,DF,OLSSON Martin,5/17/1988,OLSSON,Swansea City AFC,177,81,WAL,30,43,5
Saudi Arabia,5,DF,OMAR OTHMAN,9/27/1985,OMAR,Al Nassr FC,185,76,KSA,32,41,9
Nigeria,22,DF,OMERUO Kenneth,10/17/1993,OMERUO,Kasimpasa SK,185,82,TUR,24,39,10
Iran,9,MF,EBRAHIMI Omid,9/16/1987,OMID,Esteghlal Tehran FC,178,75,IRN,30,29,9
Nigeria,17,MF,ONAZI Ogenyi,12/25/1992,ONAZI,Trabzonspor,172,74,TUR,25,52,12
Japan,15,FW,OSAKO Yuya,5/18/1990,OSAKO,1. FC KÃ¶ln,182,71,GER,28,27,5
Saudi Arabia,3,DF,OSAMA HAWSAWI,3/31/1984,OSAMA,Al Hilal SFC,188,83,KSA,34,134,3
Colombia,1,GK,OSPINA David,8/31/1988,OSPINA,Arsenal FC,183,80,ENG,29,86,8
Argentina,17,DF,OTAMENDI Nicolas,2/12/1988,OTAMENDI,Manchester City FC,181,81,ENG,30,54,2
Saudi Arabia,14,MF,ABDULLAH OTAYF,8/3/1992,OTAYF,Al Hilal SFC,177,66,KSA,25,15,8
Panama,17,DF,OVALLE Luis,9/7/1988,OVALLE,CD Olimpia,178,75,HON,29,25,9
Brazil,11,MF,PHILIPPE COUTINHO,6/12/1992,P. COUTINHO,FC Barcelona,172,68,ESP,26,36,6
Iran,15,DF,MONTAZERI Pejman,9/6/1983,P. MONTAZERI,Esteghlal Tehran FC,185,77,IRN,34,46,9
Costa Rica,18,GK,PEMBERTON Patrick,4/24/1982,P. PEMBERTON,LD Alajuelense,178,72,CRC,36,39,4
Senegal,17,MF,NDIAYE Pape Alioune,10/27/1990,P.A. NDIAYE,Stoke City FC,181,74,ENG,27,18,10
Brazil,15,MF,PAULINHO,7/25/1988,PAULINHO,FC Barcelona,181,81,ESP,29,49,7
Argentina,22,MF,PAVON Cristian,1/21/1996,PAVÃ“N,CA Boca Juniors,169,65,ARG,22,5,1
France,2,DF,PAVARD Benjamin,3/28/1996,PAVARD,VfB Stuttgart,186,76,GER,22,5,3
Poland,2,DF,PAZDAN Michal,9/21/1987,PAZDAN,Legia Warsaw,181,78,POL,30,31,9
Panama,1,GK,PENEDO Jaime,9/26/1981,PENEDO,Dinamo Bucharest,183,70,ROU,36,130,9
Portugal,3,DF,PEPE,2/26/1983,PEPE,Besiktas JK,188,81,TUR,35,94,2
Panama,7,FW,PEREZ Blas,3/13/1981,PEREZ,CSD Municipal,187,83,GUA,37,117,3
Croatia,4,FW,PERISIC Ivan,2/2/1989,PERIÅ IÄ†,FC Internazionale,186,81,ITA,29,65,2
Poland,17,MF,PESZKO Slawomir,2/19/1985,PESZKO,Lechia Gdansk,173,68,POL,33,43,2
Australia,21,FW,PETRATOS Dimitrios,11/10/1992,PETRATOS,Newcastle United Jets FC,176,72,AUS,25,2,11
England,1,GK,PICKFORD Jordan,3/7/1994,PICKFORD,Everton FC,185,72,ENG,24,3,3
Panama,14,MF,PIMENTEL Valentin,5/30/1991,PIMENTEL,Plaza Amador,189,80,PAN,27,22,5
Spain,3,DF,PIQUE Gerard,2/2/1987,PIQUÃ‰,FC Barcelona,194,85,ESP,31,97,2
Poland,20,DF,PISZCZEK Lukasz,6/3/1985,PISZCZEK,Borussia Dortmund,184,79,GER,33,61,6
Croatia,22,DF,PIVARIC Josip,1/30/1989,PIVARIÄ†,FC Dynamo Kyiv,176,69,UKR,29,19,1
Croatia,20,FW,PJACA Marko,5/6/1995,PJACA,FC Schalke 04,186,83,GER,23,16,5
Germany,2,DF,PLATTENHARDT Marvin,1/26/1992,PLATTENHARDT,Hertha BSC,181,76,GER,26,6,1
France,6,MF,POGBA Paul,3/15/1993,POGBA,Manchester United FC,191,86,ENG,25,53,3
Peru,14,MF,POLO Andy,9/29/1994,POLO,Portland Timbers,174,71,USA,23,16,9
England,23,GK,POPE Nick,4/19/1992,POPE,Burnley FC,191,76,ENG,26,0,4
Serbia,8,FW,PRIJOVIC Aleksandar,4/21/1990,PRIJOVIÄ†,PAOK FC,191,88,GRE,28,8,4
Portugal,20,FW,RICARDO QUARESMA,9/26/1983,QUARESMA,Besiktas JK,175,73,TUR,34,76,9
Panama,19,MF,QUINTERO Alberto,12/18/1987,QUINTERO,Universitario Lima,165,62,PER,30,89,12
Brazil,8,MF,RENATO AUGUSTO,2/8/1988,R. AUGUSTO,Beijing Guoan,186,86,CHN,30,28,2
Costa Rica,14,MF,AZOFEIFA Randall,12/30/1984,R. AZOFEIFA,CS Herediano,182,83,CRC,33,57,12
Uruguay,6,MF,BENTANCUR Rodrigo,6/25/1997,R. BENTANCUR,Juventus FC,187,73,ITA,20,6,6
Iran,4,DF,CHESHMI Roozbeh,7/24/1993,R. CHESHMI,Esteghlal Tehran FC,192,80,IRN,24,9,7
Belgium,9,FW,LUKAKU Romelu,5/13/1993,R. LUKAKU,Manchester United FC,190,94,ENG,25,64,5
Mexico,4,DF,MARQUEZ Rafael,2/13/1979,R. MÃRQUEZ,CF Atlas,184,77,MEX,39,144,2
Costa Rica,22,DF,MATARRITA Ronald,7/9/1994,R. MATARRITA,New York City FC,175,70,USA,23,22,7
Iceland,6,DF,SIGURDSSON Ragnar,6/19/1986,R. SIGURDSSON,FC Rostov,187,86,RUS,31,76,6
Panama,5,DF,TORRES Roman,3/20/1986,R. TORRES,Seattle Sounders FC,188,99,USA,32,110,3
Costa Rica,13,MF,WALLACE Rodney,6/17/1988,R. WALLACE,New York City FC,180,70,USA,29,30,6
Mexico,9,FW,JIMENEZ Raul,5/5/1991,RAÃšL,SL Benfica,188,79,POR,27,63,2
Serbia,18,FW,RADONJIC Nemanja,2/15/1996,RADONJIÄ†,FK Crvena Zvezda,185,76,SRB,22,2,3
Iceland,13,GK,RUNARSSON Runar,2/18/1995,RÃšNARSSON,FC Nordsjaelland,186,76,DEN,23,3,8
Germany,16,DF,RUEDIGER Antonio,3/3/1993,RÃœDIGER,Chelsea FC,191,85,ENG,25,24,5
Denmark,22,GK,RONNOW Frederik,8/4/1992,RÃ˜NNOW,Brondby IF,190,85,DEN,25,6,2
Serbia,12,GK,RAJKOVIC Predrag,10/31/1995,RAJKOVIÄ†,Maccabi Tel-Aviv FC,191,85,ISR,22,7,10
Croatia,7,MF,RAKITIC Ivan,3/10/1988,RAKITIÄ†,FC Barcelona,184,78,ESP,30,91,3
Egypt,14,FW,RAMADAN SOBHY,1/23/1997,RAMADAN,Stoke City FC,183,77,ENG,21,22,1
France,17,DF,RAMI Adil,12/27/1985,RAMI,Olympique Marseille,190,90,FRA,32,35,12
Iran,23,DF,REZAEIAN Ramin,3/21/1990,RAMIN,KV Oostende,185,75,BEL,28,27,3
Peru,15,DF,RAMOS Christian,11/4/1988,RAMOS,CD Tiburones Rojos de Veracruz,182,72,MEX,29,65,11
Spain,15,DF,RAMOS Sergio,3/30/1986,RAMOS,Real Madrid CF,183,75,ESP,32,151,3
Portugal,5,DF,RAPHAEL GUERREIRO,12/22/1993,RAPHAEL,Borussia Dortmund,170,64,GER,24,23,12
England,19,FW,RASHFORD Marcus,10/31/1997,RASHFORD,Manchester United FC,180,78,ENG,20,18,10
Iran,12,GK,MAZAHERI Rashid,5/18/1989,RASHID,Zob Ahan Isfahan FC,192,84,IRN,29,3,5
Croatia,18,FW,REBIC Ante,9/21/1993,REBIÄ†,Eintracht Frankfurt,185,78,GER,24,15,9
Spain,23,GK,REINA Pepe,8/31/1982,REINA,SSC Napoli,188,92,ITA,35,36,8
Germany,11,FW,REUS Marco,5/31/1989,REUS,Borussia Dortmund,180,67,GER,29,30,5
Iran,16,FW,GHOOCHANNEJHAD Reza,9/20/1987,REZA,SC Heerenveen,180,79,NED,30,42,9
Portugal,15,DF,RICARDO,10/6/1993,RICARDO,FC Porto,174,70,POR,24,4,10
Australia,19,DF,RISDON Joshua,7/27/1992,RISDON,WS Wanderers FC,169,70,AUS,25,7,7
Serbia,14,DF,RODIC Milan,4/2/1991,RODIÄ†,FK Crvena Zvezda,185,69,SRB,27,1,4
Spain,9,FW,RODRIGO,3/6/1991,RODRIGO M.,Valencia CF,182,72,ESP,27,5,3
Peru,2,DF,RODRIGUEZ Alberto,3/31/1984,RODRIGUEZ,Atletico Junior,179,78,COL,34,58,8
Switzerland,13,DF,RODRIGUEZ Ricardo,8/25/1992,RODRIGUEZ,AC Milan,180,79,ITA,25,52,3
Panama,22,GK,RODRIGUEZ Alex,8/5/1990,RODRIGUEZ,San Francisco FC,197,83,PAN,27,6,8
Australia,23,MF,ROGIC Tom,12/16/1992,ROGIC,Celtic FC,189,88,SCO,25,36,12
Sweden,19,MF,ROHDEN Marcus,5/11/1991,ROHDÃ‰N,FC Crotone,182,76,ITA,27,11,5
Argentina,16,DF,ROJO Marcos,3/20/1990,ROJO,Manchester United FC,189,82,ENG,28,56,3
Portugal,7,FW,CRISTIANO RONALDO,2/5/1985,RONALDO,Real Madrid CF,185,80,ESP,33,149,2
England,3,DF,ROSE Danny,7/2/1990,ROSE,Tottenham Hotspur FC,173,76,ENG,27,17,7
Portugal,13,DF,RUBEN DIAS,5/14/1997,RUBEN DIAS,SL Benfica,187,83,POR,21,1,5
Germany,19,MF,RUDY Sebastian,2/28/1990,RUDY,FC Bayern MÃ¼nchen,179,74,GER,28,25,2
Portugal,1,GK,RUI PATRICIO,2/15/1988,RUI PATRICIO,Sporting CP,189,84,POR,30,68,2
Peru,11,FW,RUIDIAZ Raul,7/25/1990,RUIDIAZ,CA Monarcas Morelia,169,67,MEX,27,30,7
Serbia,2,DF,RUKAVINA Antonio,1/26/1984,RUKAVINA,Villarreal CF,177,71,ESP,34,46,1
Australia,1,GK,RYAN Mathew,4/8/1992,RYAN,Brighton & Hove Albion FC,184,82,ENG,26,43,4
Poland,13,MF,RYBUS Maciej,8/19/1989,RYBUS,FC Lokomotiv Moscow,173,75,RUS,28,49,8
South Korea,1,GK,KIM Seunggyu,9/30/1990,S G KIM,Vissel Kobe,187,80,JPN,27,32,9
South Korea,3,DF,JUNG Seunghyun,4/3/1994,S H JUNG,Sagan Tosu FC,188,74,JPN,24,6,4
South Korea,8,MF,JU Sejong,10/30/1990,S J JU,Asan Mugunghwa FC,176,70,KOR,27,10,10
South Korea,18,MF,MOON Seonmin,6/9/1992,S M MOON,Incheon United FC,172,68,KOR,26,2,6
South Korea,9,FW,KIM Shinwook,4/14/1988,S W KIM,Jeonbuk Hyundai,197,97,KOR,30,48,4
South Korea,10,MF,LEE Seungwoo,1/6/1998,S W LEE,Hellas Verona FC,170,63,ITA,20,2,1
South Korea,16,MF,KI Sungyueng,1/24/1989,S Y KI,Swansea City AFC,186,75,WAL,29,100,1
Morocco,21,MF,AMRABAT Sofyan,8/21/1996,S. AMRABAT,Feyenoord Rotterdam,183,77,NED,21,5,8
Uruguay,19,DF,COATES Sebastian,10/7/1990,S. COATES,Sporting CP,196,89,POR,27,30,10
Iran,6,MF,EZATOLAHI Saeid,10/1/1996,S. EZATOLAHI,FK Amkar Perm,190,82,RUS,21,25,10
Egypt,20,DF,SAMIR SAAD,4/1/1989,S. SAMIR,Al Ahly SC,183,82,EGY,29,11,4
Senegal,6,MF,SANE Salif,8/25/1990,S. SANE,Hannover 96,196,84,GER,27,20,8
Spain,7,MF,SAUL,11/21/1994,SAÃšL,Atletico Madrid,183,76,ESP,23,10,11
Senegal,12,DF,SABALY Youssouf,3/5/1993,SABALY,FC Girondins Bordeaux,174,71,FRA,25,3,9
Germany,15,DF,SUELE Niklas,9/3/1995,SÃœLE,FC Bayern MÃ¼nchen,195,89,GER,22,10,11
Iceland,2,DF,SAEVARSSON Birkir,11/11/1984,SÃ†VARSSON,Valur Reykjavik,186,75,ISL,33,79,3
Australia,20,DF,SAINSBURY Trent,1/5/1992,SAINSBURY,Grasshopper Club,183,76,SUI,26,34,1
Morocco,6,DF,SAISS Romain,3/26/1990,SAISS,Wolverhampton Wanderers FC,190,76,ENG,28,23,3
Senegal,15,FW,SAKHO Diafra,12/24/1989,SAKHO,Stade Rennais FC,184,79,FRA,28,10,12
Saudi Arabia,18,MF,SALEM ALDAWSARI,8/19/1991,SALEM,Villarreal CF,174,68,ESP,26,32,8
Saudi Arabia,7,MF,SALMAN ALFARAJ,8/1/1989,SALMAN,Al Hilal SFC,179,63,KSA,28,42,8
Argentina,18,DF,SALVIO Eduardo,7/13/1990,SALVIO,SL Benfica,167,69,POR,27,9,7
Russia,19,MF,SAMEDOV Alexander,7/19/1984,SAMEDOV,FC Spartak Moscow,178,74,RUS,33,47,7
Peru,4,DF,SANTAMARIA Anderson,1/10/1992,SANTAMARIA,Puebla FC,183,84,MEX,26,3,1
Iran,20,FW,AZMOUN Sardar,1/1/1995,SARDAR,FC Rubin Kazan,186,80,RUS,23,32,1
Tunisia,13,MF,SASSI Ferjani,3/18/1992,SASSI,Al Nassr FC,186,80,KSA,26,38,3
Denmark,19,MF,SCHONE Lasse,5/27/1986,SCHÃ–NE,AFC Ajax,178,80,NED,32,35,5
Switzerland,22,DF,SCHAER Fabian,12/20/1991,SCHÃ„R,Deportivo La CoruÃ±a,186,83,ESP,26,38,12
Denmark,1,GK,SCHMEICHEL Kasper,11/5/1986,SCHMEICHEL,Leicester City FC,190,92,ENG,31,34,11
Iceland,12,GK,SCHRAM Frederik,1/19/1995,SCHRAM,Roskilde BK,198,92,DEN,23,4,1
Switzerland,9,FW,SEFEROVIC Haris,2/22/1992,SEFEROVIC,SL Benfica,186,88,POR,26,50,2
Russia,5,DF,SEMENOV Andrey,3/24/1989,SEMENOV,FC Akhmat Grozny,191,87,RUS,29,6,3
Serbia,20,MF,MILINKOVIC-SAVIC Sergej,2/27/1995,SERGEJ,SS Lazio,192,76,ITA,23,3,2
Spain,5,MF,BUSQUETS Sergio,7/16/1988,SERGIO,FC Barcelona,189,78,ESP,29,102,7
Switzerland,23,MF,SHAQIRI Xherdan,10/10/1991,SHAQIRI,Stoke City FC,165,78,ENG,26,69,10
Nigeria,12,DF,SHEHU Abdullahi,3/12/1993,SHEHU,Bursaspor,182,75,TUR,25,24,3
Japan,7,MF,SHIBASAKI Gaku,5/28/1992,SHIBASAKI,Getafe CF,175,64,ESP,26,16,5
Egypt,18,FW,SHIKABALA,3/5/1986,SHIKABALA,Al Raed SC,183,80,KSA,32,29,3
Iran,7,MF,SHOJAEI Masoud,6/9/1984,SHOJAEI M.,AEK Athens,187,79,GRE,34,73,6
Japan,3,DF,SHOJI Gen,12/11/1992,SHOJI,Kashima Antlers,182,74,JPN,25,10,12
France,19,DF,SIDIBE Djibril,7/29/1992,SIDIBE,AS Monaco,184,81,FRA,25,16,7
Iceland,9,FW,SIGURDARSON Bjorn,2/26/1991,SIGURDARSON,FC Rostov,187,85,RUS,27,11,2
Spain,21,FW,SILVA David,1/8/1986,SILVA,Manchester City FC,170,67,ENG,32,120,1
Denmark,23,FW,SISTO Pione,2/4/1995,SISTO,Celta Vigo,173,69,ESP,23,13,2
Tunisia,17,MF,SKHIRI Ellyes,5/10/1995,SKHIRI JORIS,Montpellier HSC,185,69,FRA,23,4,5
Tunisia,23,FW,SLITI Naim,7/27/1992,SLITI,Dijon FCO,173,65,FRA,25,16,7
Russia,23,DF,SMOLNIKOV Igor,8/8/1988,SMOLNIKOV,FC Zenit St. Petersburg,179,72,RUS,29,26,8
Russia,10,FW,SMOLOV Fedor,2/9/1990,SMOLOV,FC Krasnodar,185,79,RUS,28,31,2
Switzerland,1,GK,SOMMER Yann,12/17/1988,SOMMER,VfL Borussia MÃ¶nchengladbach,183,81,GER,29,35,12
Senegal,7,FW,SOW Moussa,1/19/1986,SOW,Bursaspor,180,75,TUR,32,50,1
Serbia,5,DF,SPAJIC Uros,2/13/1993,SPAJIÄ†,RSC Anderlecht,188,82,BEL,25,5,2
Tunisia,18,FW,SRARFI Bassem,6/25/1997,SRARFI,OGC Nice,176,71,FRA,20,4,6
England,10,FW,STERLING Raheem,12/8/1994,STERLING,Manchester City FC,170,70,ENG,23,38,12
Serbia,1,GK,STOJKOVIC Vladimir,7/28/1983,STOJKOVIÄ†,FK Partizan,195,92,SRB,34,80,7
England,5,DF,STONES John,5/28/1994,STONES,Manchester City FC,188,72,ENG,24,25,5
Croatia,3,DF,STRINIC Ivan,7/17/1987,STRINIÄ†,UC Sampdoria,186,78,ITA,30,42,7
Denmark,17,DF,STRYGER LARSEN Jens,2/21/1991,STRYGER,Udinese Calcio,182,82,ITA,27,12,2
Croatia,23,GK,SUBASIC Danijel,10/27/1984,SUBAÅ IÄ†,AS Monaco,191,84,FRA,33,37,10
Sweden,13,MF,SVENSSON Gustav,2/7/1987,SVENSSON,Seattle Sounders FC,183,77,USA,31,12,2
Poland,1,GK,SZCZESNY Wojciech,4/18/1990,SZCZESNY,Juventus FC,195,84,ITA,28,33,4
Belgium,16,MF,HAZARD Thorgan,3/29/1993,T. HAZARD,VfL Borussia MÃ¶nchengladbach,174,70,GER,25,8,3
Brazil,2,DF,THIAGO SILVA,9/22/1984,T. SILVA,Paris Saint-Germain FC,183,79,FRA,33,70,9
Serbia,10,MF,TADIC Dusan,11/20/1988,TADIÄ†,Southampton FC,181,76,ENG,29,52,11
Argentina,3,DF,TAGLIAFICO Nicolas,8/31/1992,TAGLIAFICO,AFC Ajax,169,65,NED,25,4,8
Morocco,22,GK,TAGNAOUTI Ahmed,4/5/1996,TAGNAOUTI,IRT Tanger,186,70,MAR,22,2,4
Saudi Arabia,17,MF,TAISEER ALJASSAM,7/25/1984,TAISEER,Al Ahli SC,169,69,KSA,33,131,7
Brazil,21,FW,TAISON,1/13/1988,TAISON,FC Shakhtar Donetsk,172,64,UKR,30,7,1
Peru,13,MF,TAPIA Renato,7/28/1995,TAPIA,Feyenoord Rotterdam,185,85,NED,22,22,7
Egypt,8,MF,TAREK HAMED,10/24/1988,TAREK HAMED,Zamalek,169,67,EGY,29,20,10
Panama,18,FW,TEJADA Luis,3/28/1982,TEJADA,Sport Boys,183,87,PER,36,105,3
Poland,14,FW,TEODORCZYK Lukasz,6/3/1991,TEODORCZYK,RSC Anderlecht,185,78,BEL,27,15,6
Germany,22,GK,TER STEGEN Marc-Andre,4/30/1992,TER STEGEN,FC Barcelona,187,85,ESP,26,19,4
France,20,FW,THAUVIN Florian,1/26/1993,THAUVIN,Olympique Marseille,180,76,FRA,25,4,1
Spain,10,MF,THIAGO,4/11/1991,THIAGO,FC Bayern MÃ¼nchen,174,70,GER,27,28,4
Belgium,17,MF,TIELEMANS Youri,5/7/1997,TIELEMANS,AS Monaco,176,72,FRA,21,7,5
Serbia,3,DF,TOSIC Dusko,1/19/1985,TOÅ IÄ†,Besiktas JK,185,79,TUR,33,23,1
Sweden,20,FW,TOIVONEN Ola,7/3/1986,TOIVONEN,Toulouse FC,192,78,FRA,31,58,7
France,12,MF,TOLISSO Corentin,8/3/1994,TOLISSO,FC Bayern MÃ¼nchen,180,82,GER,23,8,8
Germany,12,GK,TRAPP Kevin,7/8/1990,TRAPP,Paris Saint-Germain FC,189,88,FRA,27,3,7
Peru,6,DF,TRAUCO Miguel,8/25/1992,TRAUCO,CR Flamengo,169,74,BRA,25,26,8
Iceland,21,MF,TRAUSTASON Arnor,4/30/1993,TRAUSTASON,MalmÃ¶ FF,183,73,SWE,25,18,4
England,12,DF,TRIPPIER Kieran,9/19/1990,TRIPPIER,Tottenham Hotspur FC,178,72,ENG,27,6,9
Japan,2,DF,UEDA Naomichi,10/24/1994,UEDA,Kashima Antlers,186,79,JPN,23,3,10
France,5,DF,UMTITI Samuel,11/14/1993,UMTITI,FC Barcelona,183,84,ESP,24,18,11
Japan,11,MF,USAMI Takashi,5/6/1992,USAMI,Fortuna DÃ¼sseldorf,178,72,GER,26,22,5
Nigeria,23,GK,UZOHO Francis,10/28/1998,UZOHO,Deportivo La CoruÃ±a,196,91,ESP,19,5,10
Iran,11,MF,AMIRI Vahid,4/2/1988,V. AMIRI,Persepolis FC,179,71,IRN,30,35,4
France,4,DF,VARANE Raphael,4/25/1993,VARANE,Real Madrid CF,191,79,ESP,25,41,4
England,11,FW,VARDY Jamie,1/11/1987,VARDY,Leicester City FC,178,80,ENG,31,21,1
Serbia,13,DF,VELJKOVIC Milos,9/26/1995,VELJKOVIÄ†,SV Werder Bremen,188,77,GER,22,2,9
Belgium,3,DF,VERMAELEN Thomas,11/14/1985,VERMAELEN,FC Barcelona,183,80,ESP,32,64,11
Belgium,5,DF,VERTONGHEN Jan,4/24/1987,VERTONGHEN,Tottenham Hotspur FC,189,86,ENG,31,100,4
Denmark,3,DF,VESTERGAARD Jannik,8/3/1992,VESTERGAARD,VfL Borussia MÃ¶nchengladbach,200,98,GER,25,16,8
Croatia,21,DF,VIDA Domagoj,4/29/1989,VIDA,Besiktas JK,184,76,TUR,29,58,4
Croatia,2,DF,VRSALJKO Sime,1/10/1992,VRSALJKO,Atletico Madrid,181,76,ESP,26,35,1
Australia,18,GK,VUKOVIC Danny,3/27/1985,VUKOVIC,KRC Genk,187,94,BEL,33,1,3
South Korea,15,MF,JUNG Wooyoung,12/14/1989,W Y JUNG,Vissel Kobe,186,78,JPN,28,28,12
England,2,DF,WALKER Kyle,5/28/1990,WALKER,Manchester City FC,178,83,ENG,28,35,5
Egypt,22,FW,AMR WARDA,9/17/1993,WARDA,Atromitos FC,179,77,GRE,24,15,9
England,14,FW,WELBECK Danny,11/26/1990,WELBECK,Arsenal FC,184,78,ENG,27,38,11
Germany,9,FW,WERNER Timo,3/6/1996,WERNER,RB Leipzig,181,75,GER,22,13,3
Portugal,14,MF,WILLIAM,4/7/1992,WILLIAM,Sporting CP,190,80,POR,26,42,4
Brazil,19,MF,WILLIAN,8/9/1988,WILLIAN,Chelsea FC,175,77,ENG,29,56,8
Belgium,6,MF,WITSEL Axel,1/12/1989,WITSEL,Tianjin Quanjian FC,186,73,CHN,29,85,1
Switzerland,10,MF,XHAKA Granit,9/27/1992,XHAKA,Arsenal FC,183,82,ENG,25,61,9
South Korea,19,DF,KIM Younggwon,2/27/1990,Y G KIM,Guangzhou Evergrande FC,184,74,CHN,28,51,2
South Korea,22,DF,GO Yohan,3/10/1988,Y H GO,FC Seoul,170,65,KOR,30,19,3
South Korea,2,DF,LEE Yong,12/24/1986,Y LEE,Jeonbuk Hyundai,180,74,KOR,31,26,12
South Korea,5,DF,YUN Youngsun,10/4/1988,Y S YUN,Seongnam FC,185,78,KOR,29,5,10
Colombia,13,DF,MINA Yerry,9/23/1994,Y. MINA,FC Barcelona,194,95,ESP,23,12,9
Costa Rica,17,MF,TEJEDA Yeltsin,3/17/1992,Y. TEJEDA,FC Lausanne-Sport,179,67,SUI,26,49,3
Saudi Arabia,8,MF,YAHIA ALSHEHRI,6/26/1990,YAHIA,CD LeganÃ©s,165,63,ESP,27,56,6
Japan,16,MF,YAMAGUCHI Hotaru,10/6/1990,YAMAGUCHI,Cerezo Osaka,173,72,JPN,27,41,10
Saudi Arabia,13,DF,YASIR ALSHAHRANI,5/25/1992,YASIR,Al Hilal SFC,170,63,KSA,26,36,5
Japan,22,DF,YOSHIDA Maya,8/24/1988,YOSHIDA,Southampton FC,189,78,ENG,29,81,8
Peru,19,MF,YOTUN Yoshimar,4/7/1990,YOTUN,Orlando City SC,172,69,USA,28,72,4
England,18,DF,YOUNG Ashley,7/9/1985,YOUNG,Manchester United FC,175,78,ENG,32,34,7
Denmark,20,FW,POULSEN Yussuf Yurary,6/15/1994,YURARY,RB Leipzig,193,84,GER,23,27,6
Switzerland,17,MF,ZAKARIA Denis,11/20/1996,ZAKARIA,VfL Borussia MÃ¶nchengladbach,189,77,GER,21,10,11
Russia,18,MF,ZHIRKOV Yury,8/20/1983,ZHIRKOV,FC Zenit St. Petersburg,180,76,RUS,34,83,8
Poland,19,MF,ZIELINSKI Piotr,5/20/1994,ZIELINSKI,SSC Napoli,177,64,ITA,24,31,5
Morocco,7,MF,ZIYACH Hakim,3/19/1993,ZIYACH,AFC Ajax,180,70,NED,25,17,3
Russia,11,MF,ZOBNIN Roman,2/11/1994,ZOBNIN,FC Spartak Moscow,185,77,RUS,24,11,2
Switzerland,14,MF,ZUBER Steven,8/17/1991,ZUBER,TSG 1899 Hoffenheim,182,79,GER,26,11,8
